file,key,englishText
"src/main/assets/locales/cy/accessCode.json","errors.respondToClaimUnavailable","The option to respond to a claim is not available at the moment."
"src/main/assets/locales/cy/claimList.json","pageTitle","Your Possession Claims account"
"src/main/assets/locales/cy/claimList.json","heading","Your Possession Claims account"
"src/main/assets/locales/cy/claimList.json","accessYourCase","If a claim you want to view is not listed below, you must first <a href=""/access-your-case"" class=""govuk-link"" target=""_blank"" rel=""noreferrer noopener"">provide some details to access it (opens in new tab)</a>."
"src/main/assets/locales/cy/claimList.json","claimsMadeAgainstYou","Claims made against you"
"src/main/assets/locales/cy/claimList.json","table.claimNumber","Claim number"
"src/main/assets/locales/cy/claimList.json","table.claimantsName","Claimant’s name"
"src/main/assets/locales/cy/claimList.json","table.propertyPostcode","Property postcode"
"src/main/assets/locales/cy/claimList.json","table.actions","Actions"
"src/main/assets/locales/cy/claimList.json","table.viewClaim","View claim"
"src/main/assets/locales/cy/claimList.json","noClaimsFound","There are no claims against you."
"src/main/assets/locales/cy/common.json","errors.documentUpload.fileTooLargeDocStore","File you have uploaded is too big. Document files must be less than {{maxSize}}."
"src/main/assets/locales/cy/common.json","errors.documentUpload.fileTooLargeMedia","File you have uploaded is too big. Image files must be smaller than {{maxSize}}."
"src/main/assets/locales/cy/common.json","errors.documentUpload.fileTotalTooLargeDocStore","The selected files must be smaller than {{maxSize}}. Delete one or more files or reduce the file sizes."
"src/main/assets/locales/cy/common.json","errors.documentUpload.filenameTooLong","The file name must be {{maxLength}} characters or fewer"
"src/main/assets/locales/cy/common.json","errors.documentUpload.uploadFailed","The selected file could not be uploaded – try again"
"src/main/assets/locales/cy/common.json","errorPages.pageNotFound.paragraph8","<a class=""govuk-link"" href=""https://www.gov.uk/call-charges"" target=""_blank"" rel=""noopener noreferrer"">Find out about call charges (opens in new tab)</a>."
"src/main/assets/locales/cy/common.json","errorPages.serviceUnavailable.paragraph7","<a class=""govuk-link"" href=""https://www.gov.uk/call-charges"" target=""_blank"" rel=""noopener noreferrer"">Find out about call charges (opens in new tab)</a>."
"src/main/assets/locales/cy/common.json","errorPages.technicalError.paragraph8","<a class=""govuk-link"" href=""https://www.gov.uk/call-charges"" target=""_blank"" rel=""noopener noreferrer"">Find out about call charges (opens in new tab)</a>."
"src/main/assets/locales/cy/common.json","errorPages.accessDenied.paragraph6","<a class=""govuk-link"" href=""https://www.gov.uk/call-charges"" target=""_blank"" rel=""noopener noreferrer"">Find out about call charges (opens in new tab)</a>."
"src/main/assets/locales/cy/makeAnApplication/applicationSubmitted.json","paymentBeingProcessed","Payment being processed"
"src/main/assets/locales/cy/makeAnApplication/applicationSubmitted.json","adjournRequestReceived","We have received your request to adjourn (delay) the court hearing."
"src/main/assets/locales/cy/makeAnApplication/applicationSubmitted.json","setAsideRequestReceived","We have received your request to set aside (cancel) the order."
"src/main/assets/locales/cy/makeAnApplication/applicationSubmitted.json","somethingElseRequestReceived","We have received your request to ask the court to make an order."
"src/main/assets/locales/cy/makeAnApplication/applicationSubmitted.json","youDoNotNeedToDoAnythingElse","You do not need to do anything else. We will send your application to the judge and we will contact you again when they have made a decision."
"src/main/assets/locales/cy/makeAnApplication/applicationSubmitted.json","giveFeedbackAboutThisService","Give feedback about this service"
"src/main/assets/locales/cy/makeAnApplication/payForYourApplication.json","pageTitle","Pay for your application"
"src/main/assets/locales/cy/makeAnApplication/payForYourApplication.json","heading","Pay for your application"
"src/main/assets/locales/cy/makeAnApplication/payForYourApplication.json","applicationFee","Application fee:"
"src/main/assets/locales/cy/makeAnApplication/payForYourApplication.json","youWillBeRedirected","You will be redirected to GOV.UK Pay to complete your payment securely."
"src/main/assets/locales/cy/makeAnApplication/payForYourApplication.json","govPayIsASecureService","GOV.UK Pay is a secure payment service used by government services."
"src/main/assets/locales/cy/makeAnApplication/paymentUnsuccessful.json","pageTitle","Payment unsuccessful"
"src/main/assets/locales/cy/makeAnApplication/paymentUnsuccessful.json","yourPaymentWasUnsuccessful","Your payment was unsuccessful"
"src/main/assets/locales/cy/makeAnApplication/paymentUnsuccessful.json","youCanTryToMakeACardPayment","You can try to <a href=""{{ payForYourApplicationUrl }}"" class=""govuk-link"">make a card payment</a> again."
"src/main/assets/locales/cy/makeAnApplication/whatOrderDoYouWantTheCourtToMakeAndWhy.json","list.SOMETHING_ELSE.0","why you want to add someone to your claim"
"src/main/assets/locales/cy/makeAnApplication/whatOrderDoYouWantTheCourtToMakeAndWhy.json","list.SOMETHING_ELSE.1","why you should not be sanctioned (punished)"
"src/main/assets/locales/cy/makeAnApplication/whatOrderDoYouWantTheCourtToMakeAndWhy.json","list.SOMETHING_ELSE.2","why you want to transfer to the High Court for enforcement"
"src/main/assets/locales/cy/makeAnApplication/whatOrderDoYouWantTheCourtToMakeAndWhy.json","list.ADJOURN.0","you are unable to attend the hearing due a pre-existing medical appointment"
"src/main/assets/locales/cy/makeAnApplication/whatOrderDoYouWantTheCourtToMakeAndWhy.json","list.ADJOURN.1","you are attending a funeral"
"src/main/assets/locales/cy/respondToClaim/checkYourAnswersDocuments.json","cardTitle","Upload files"
"src/main/assets/locales/cy/respondToClaim/checkYourAnswersDocuments.json","rows.uploadedDocuments.label","Uploaded files"
"src/main/assets/locales/cy/respondToClaim/checkYourAnswersDocuments.json","rows.uploadedDocuments.changeHidden","uploaded files"
"src/main/assets/locales/cy/respondToClaim/checkYourAnswersIncomeAndExpenses.json","frequencies.WEEKLY","every week"
"src/main/assets/locales/cy/respondToClaim/checkYourAnswersIncomeAndExpenses.json","frequencies.MONTHLY","every month"
"src/main/assets/locales/cy/respondToClaim/checkYourAnswersIncomeAndExpenses.json","incomeFrequencies.WEEKLY","received every week"
"src/main/assets/locales/cy/respondToClaim/checkYourAnswersIncomeAndExpenses.json","incomeFrequencies.MONTHLY","received every month"
"src/main/assets/locales/cy/respondToClaim/checkYourAnswersIncomeAndExpenses.json","paymentFrequencies.WEEKLY","paid every week"
"src/main/assets/locales/cy/respondToClaim/checkYourAnswersIncomeAndExpenses.json","paymentFrequencies.MONTHLY","paid every month"
"src/main/assets/locales/cy/respondToClaim/checkYourAnswersIncomeAndExpenses.json","rows.shareIncomeExpenseDetails.changeHidden","share income and expense details"
"src/main/assets/locales/cy/respondToClaim/checkYourAnswersIncomeAndExpenses.json","rows.regularIncome.label","What regular income do you receive?"
"src/main/assets/locales/cy/respondToClaim/checkYourAnswersIncomeAndExpenses.json","rows.hasAppliedForUniversalCredit.changeHidden","applied for Universal Credit"
"src/main/assets/locales/cy/respondToClaim/checkYourAnswersIncomeAndExpenses.json","rows.universalCreditApplicationDate.label","When did you apply for Universal Credit?"
"src/main/assets/locales/cy/respondToClaim/checkYourAnswersIncomeAndExpenses.json","rows.universalCreditApplicationDate.changeHidden","Universal Credit application date"
"src/main/assets/locales/cy/respondToClaim/checkYourAnswersIncomeAndExpenses.json","rows.priorityDebtTotal.changeHidden","priority debt total"
"src/main/assets/locales/cy/respondToClaim/checkYourAnswersIncomeAndExpenses.json","rows.priorityDebtContribution.changeHidden","priority debt contribution"
"src/main/assets/locales/cy/respondToClaim/checkYourAnswersIncomeAndExpenses.json","rows.regularExpenses.label","What other regular expenses do you have?"
"src/main/assets/locales/cy/respondToClaim/checkYourAnswersIncomeAndExpenses.json","rows.otherConsiderations.changeHidden","other considerations"
"src/main/assets/locales/cy/respondToClaim/checkYourAnswersIncomeAndExpenses.json","rows.otherConsiderationsDetails.changeHidden","other considerations details"
"src/main/assets/locales/cy/respondToClaim/checkYourAnswersPaymentsAndAgreements.json","cardTitle","Payments and agreements"
"src/main/assets/locales/cy/respondToClaim/checkYourAnswersPaymentsAndAgreements.json","rows.paymentDetails.changeHidden","payment details"
"src/main/assets/locales/cy/respondToClaim/checkYourAnswersPaymentsAndAgreements.json","rows.repaymentPlanAgreed.changeHidden","repayment agreement"
"src/main/assets/locales/cy/respondToClaim/checkYourAnswersPaymentsAndAgreements.json","rows.repaymentAgreedDetails.changeHidden","repayment details"
"src/main/assets/locales/cy/respondToClaim/checkYourAnswersPaymentsAndAgreements.json","rows.repayArrearsInstalments.changeHidden","offer to pay in instalments"
"src/main/assets/locales/cy/respondToClaim/checkYourAnswersPaymentsAndAgreements.json","rows.installmentAmount.changeHidden","instalment amount"
"src/main/assets/locales/cy/respondToClaim/checkYourAnswersPaymentsAndAgreements.json","rows.installmentFrequency.changeHidden","instalment frequency"
"src/main/assets/locales/cy/respondToClaim/checkYourAnswersPersonalDetails.json","cardTitle","Personal details"
"src/main/assets/locales/cy/respondToClaim/checkYourAnswersPersonalDetails.json","rows.defendantNameConfirmation.label","Is your name {{name}}?"
"src/main/assets/locales/cy/respondToClaim/checkYourAnswersPersonalDetails.json","rows.defendantNameConfirmation.changeHidden","name"
"src/main/assets/locales/cy/respondToClaim/checkYourAnswersPersonalDetails.json","rows.defendantName.label","Name"
"src/main/assets/locales/cy/respondToClaim/checkYourAnswersPersonalDetails.json","rows.defendantName.changeHidden","corrected name"
"src/main/assets/locales/cy/respondToClaim/checkYourAnswersPersonalDetails.json","rows.defendantNameCapture.changeHidden","name"
"src/main/assets/locales/cy/respondToClaim/checkYourAnswersPersonalDetails.json","rows.dateOfBirth.label","What’s your date of birth?"
"src/main/assets/locales/cy/respondToClaim/checkYourAnswersPersonalDetails.json","rows.correspondenceAddressConfirmation.label","Is your postal address {{address}}?"
"src/main/assets/locales/cy/respondToClaim/checkYourAnswersPersonalDetails.json","rows.correspondenceAddressConfirmation.changeHidden","postal address"
"src/main/assets/locales/cy/respondToClaim/checkYourAnswersPersonalDetails.json","rows.contactByEmailOrPost.changeHidden","how you receive updates"
"src/main/assets/locales/cy/respondToClaim/checkYourAnswersPersonalDetails.json","rows.contactByEmailOrPost.options.none","None"
"src/main/assets/locales/cy/respondToClaim/checkYourAnswersPersonalDetails.json","rows.contactByPhone.changeHidden","contact by phone"
"src/main/assets/locales/cy/respondToClaim/checkYourAnswersPersonalDetails.json","rows.contactDetails.label","Contact details"
"src/main/assets/locales/cy/respondToClaim/checkYourAnswersPersonalDetails.json","rows.contactDetails.changeHidden","contact details"
"src/main/assets/locales/cy/respondToClaim/checkYourAnswersStartNowAndDetails.json","rows.hasSolicitor.changeHidden","do you have a solicitor"
"src/main/assets/locales/cy/respondToClaim/checkYourAnswersYourCircumstances.json","rows.dependantChildrenDetails.changeHidden","dependent children details"
"src/main/assets/locales/cy/respondToClaim/checkYourAnswersYourCircumstances.json","rows.otherDependantsDetails.changeHidden","other dependants details"
"src/main/assets/locales/cy/respondToClaim/checkYourAnswersYourCircumstances.json","rows.otherTenants.changeHidden","other adults in your home"
"src/main/assets/locales/cy/respondToClaim/checkYourAnswersYourCircumstances.json","rows.otherTenantsDetails.changeHidden","other adults details"
"src/main/assets/locales/cy/respondToClaim/checkYourAnswersYourCircumstances.json","rows.alternativeAccommodation.changeHidden","alternative accommodation"
"src/main/assets/locales/cy/respondToClaim/checkYourAnswersYourCircumstances.json","rows.alternativeAccommodationDate.label","When would you be able to move in?"
"src/main/assets/locales/cy/respondToClaim/checkYourAnswersYourCircumstances.json","rows.alternativeAccommodationDate.changeHidden","alternative accommodation move-in date"
"src/main/assets/locales/cy/respondToClaim/checkYourAnswersYourCircumstances.json","rows.shareAdditionalCircumstances.changeHidden","additional circumstances"
"src/main/assets/locales/cy/respondToClaim/checkYourAnswersYourCircumstances.json","rows.shareAdditionalCircumstancesDetails.changeHidden","additional circumstances details"
"src/main/assets/locales/cy/respondToClaim/checkYourAnswersYourCircumstances.json","rows.exceptionalHardshipDetails.changeHidden","exceptional hardship details"
"src/main/assets/locales/cy/respondToClaim/checkYourAnswersYourResponse.json","cardTitle","Response"
"src/main/assets/locales/cy/respondToClaim/checkYourAnswersYourResponse.json","rows.landlordRegistered.changeHidden","landlord registered"
"src/main/assets/locales/cy/respondToClaim/checkYourAnswersYourResponse.json","rows.landlordLicensed.changeHidden","landlord licensed"
"src/main/assets/locales/cy/respondToClaim/checkYourAnswersYourResponse.json","rows.tenancyTypeCorrect.changeHidden","tenancy type"
"src/main/assets/locales/cy/respondToClaim/checkYourAnswersYourResponse.json","rows.tenancyTypeDetails.changeHidden","corrected tenancy type"
"src/main/assets/locales/cy/respondToClaim/checkYourAnswersYourResponse.json","rows.tenancyStartDate.changeHidden","tenancy start date"
"src/main/assets/locales/cy/respondToClaim/checkYourAnswersYourResponse.json","rows.tenancyStartDate.confirm.changeHidden","tenancy start date"
"src/main/assets/locales/cy/respondToClaim/checkYourAnswersYourResponse.json","rows.tenancyStartDate.correctDate.label","What is the correct start date?"
"src/main/assets/locales/cy/respondToClaim/checkYourAnswersYourResponse.json","rows.tenancyStartDate.correctDate.changeHidden","corrected tenancy start date"
"src/main/assets/locales/cy/respondToClaim/checkYourAnswersYourResponse.json","rows.tenancyStartDate.labelEntered","When did your tenancy, occupation contract or licence start?"
"src/main/assets/locales/cy/respondToClaim/checkYourAnswersYourResponse.json","rows.possessionNoticeReceived.changeHidden","notice received"
"src/main/assets/locales/cy/respondToClaim/checkYourAnswersYourResponse.json","rows.noticeReceivedDate.label","When did you receive notice from {{claimantName}}?"
"src/main/assets/locales/cy/respondToClaim/checkYourAnswersYourResponse.json","rows.noticeReceivedDate.changeHidden","notice received date"
"src/main/assets/locales/cy/respondToClaim/checkYourAnswersYourResponse.json","rows.rentArrearsAmountConfirmation.changeHidden","rent arrears amount"
"src/main/assets/locales/cy/respondToClaim/checkYourAnswersYourResponse.json","rows.rentArrearsAmountDetails.changeHidden","rent arrears amount details"
"src/main/assets/locales/cy/respondToClaim/checkYourAnswersYourResponse.json","rows.disputeClaim.changeHidden","dispute other parts of the claim"
"src/main/assets/locales/cy/respondToClaim/checkYourAnswersYourResponse.json","rows.disputeClaimDetails.changeHidden","dispute details"
"src/main/assets/locales/cy/respondToClaim/checkYourAnswersYourResponse.json","rows.makeCounterClaim.changeHidden","make a counterclaim"
"src/main/assets/locales/cy/respondToClaim/checkYourAnswersYourResponse.json","rows.counterClaimType.changeHidden","counterclaim type"
"src/main/assets/locales/cy/respondToClaim/checkYourAnswersYourResponse.json","rows.isClaimAmountKnown.changeHidden","claim amount known"
"src/main/assets/locales/cy/respondToClaim/checkYourAnswersYourResponse.json","rows.claimAmount.changeHidden","claim amount"
"src/main/assets/locales/cy/respondToClaim/checkYourAnswersYourResponse.json","rows.estimatedMaxClaimAmount.changeHidden","estimated maximum claim amount"
"src/main/assets/locales/cy/respondToClaim/checkYourAnswersYourResponse.json","rows.counterClaimNeedHelpWithFees.changeHidden","help paying the counterclaim fee"
"src/main/assets/locales/cy/respondToClaim/checkYourAnswersYourResponse.json","rows.counterClaimAppliedForHwf.changeHidden","applied for help with fees"
"src/main/assets/locales/cy/respondToClaim/checkYourAnswersYourResponse.json","rows.counterClaimHwfReference.changeHidden","Help with Fees reference number"
"src/main/assets/locales/cy/respondToClaim/checkYourAnswersYourResponse.json","rows.counterClaimFor.changeHidden","counterclaim subject"
"src/main/assets/locales/cy/respondToClaim/checkYourAnswersYourResponse.json","rows.counterClaimReasons.changeHidden","counterclaim reasons"
"src/main/assets/locales/cy/respondToClaim/checkYourAnswersYourResponse.json","rows.counterClaimAgainst.changeHidden","counterclaim against"
"src/main/assets/locales/cy/respondToClaim/checkYourAnswersYourResponse.json","rows.otherOrderRequestDetails.changeHidden","orders requested"
"src/main/assets/locales/cy/respondToClaim/checkYourAnswersYourResponse.json","rows.otherOrderRequestFacts.changeHidden","facts for the court"
"src/main/assets/locales/cy/respondToClaim/checkYourAnswersYourResponse.json","rows.counterClaimWantToUploadFiles.changeHidden","upload files for counterclaim"
"src/main/assets/locales/cy/respondToClaim/checkYourAnswersYourResponse.json","rows.counterClaimDocuments.label","Uploaded files"
"src/main/assets/locales/cy/respondToClaim/checkYourAnswersYourResponse.json","rows.counterClaimDocuments.changeHidden","uploaded files for counterclaim"
"src/main/assets/locales/cy/respondToClaim/contactPreferencesEmailOrPost.json","content","<p class=""govuk-body"">Important documents like orders will always be sent by post.</p><p class=""govuk-body""> You can choose to receive updates about your case by post or email. For example, when a hearing has been scheduled or a document is ready to view online.</p>"
"src/main/assets/locales/cy/respondToClaim/counterClaim.json","whatCounterClaimIsBullet1","a party in the case"
"src/main/assets/locales/cy/respondToClaim/counterClaim.json","whatCounterClaimIsBullet2","against a party and someone else that can be considered as part of the same case"
"src/main/assets/locales/cy/respondToClaim/counterClaim.json","whatCounterClaimIsLinkText","<a href=""https://england.shelter.org.uk/professional_resources/legal/possession_and_eviction/tenant_defences_to_possession/tenant_defence_and_counterclaim_process"" target=""_blank"" rel=""noopener noreferrer"" class=""govuk-link"">Read guidance on counterclaims from Shelter (opens in new tab)</a>."
"src/main/assets/locales/cy/respondToClaim/counterClaim.json","whenMakeCounterClaimBullet1","left the property in a state of disrepair"
"src/main/assets/locales/cy/respondToClaim/counterClaim.json","whenMakeCounterClaimBullet2","did not protect your tenancy deposit"
"src/main/assets/locales/cy/respondToClaim/counterClaim.json","counterClaimFeesCourtFeesLinkText","<a href=""https://www.gov.uk/government/publications/fees-in-the-civil-and-family-courts-main-fees-ex50/civil-court-fees-ex50"" target=""_blank"" rel=""noopener noreferrer"" class=""govuk-link"">Find out about court fees (opens in new tab)</a>."
"src/main/assets/locales/cy/respondToClaim/counterClaimApplicationFeeAmount.json","pageTitle","Pay your counterclaim fee"
"src/main/assets/locales/cy/respondToClaim/counterClaimApplicationFeeAmount.json","notApplicable","Not applicable"
"src/main/assets/locales/cy/respondToClaim/counterClaimApplicationFeeAmount.json","counterClaimAmountLabel","Counterclaim amount"
"src/main/assets/locales/cy/respondToClaim/counterClaimApplicationFeeAmount.json","payNowButton","Pay your counterclaim fee ({{counterClaimFee, currency(currency: GBP)}})"
"src/main/assets/locales/cy/respondToClaim/counterClaimApplicationFeeAmount.json","paymentError","We could not start your payment. Try again."
"src/main/assets/locales/cy/respondToClaim/counterClaimHaveYouAppliedForHelp.json","revealedHwfQuestionHint","<span class=""govuk-body govuk-!-display-block govuk-!-margin-bottom-1"">You will have received this number when you applied for Help with Fees. This reference must not have been used for a previous application.</span>For example, HWF-A1B-23C"
"src/main/assets/locales/cy/respondToClaim/counterClaimPaymentSuccessful.json","pageTitle","Payment successful"
"src/main/assets/locales/cy/respondToClaim/counterClaimPaymentSuccessful.json","paragraph1","Your counterclaim fee has been paid and your counterclaim has been submitted."
"src/main/assets/locales/cy/respondToClaim/counterClaimPaymentSuccessful.json","paymentReference","Your payment reference number is: {{paymentReference}}"
"src/main/assets/locales/cy/respondToClaim/counterClaimSpecificSum.json","specificFeeText","<p class=""govuk-body"">Your counterclaim fee (the fee you will pay to make this counterclaim) depends on the amount you’re claiming for.</p><p class=""govuk-body"">If you want to check how much your fee will be, you can <a href=""https://www.gov.uk/government/publications/fees-in-the-civil-and-family-courts-main-fees-ex50/civil-court-fees-ex50"" class=""govuk-link"" target=""_blank"" rel=""noopener noreferrer"">estimate how much it will cost you to make your counterclaim (opens in new tab)</a></p>"
"src/main/assets/locales/cy/respondToClaim/counterClaimSpecificSum.json","noSpecificFeeText","<p class=""govuk-body"">If you do not know the specific sum you’re claiming for, the court needs to know what you believe the maximum value of your claim will be.</p><p class=""govuk-body"">If you do not know the exact amount, give an estimate.</p>"
"src/main/assets/locales/cy/respondToClaim/disputeClaimInterstitial.json","listItem1","the tenancy, occupation contract or licence agreement you signed to rent your property"
"src/main/assets/locales/cy/respondToClaim/endOfJourneyCya.json","sections.legalAdvice","Legal advice"
"src/main/assets/locales/cy/respondToClaim/endOfJourneyCya.json","sections.personalDetails","Personal details"
"src/main/assets/locales/cy/respondToClaim/endOfJourneyCya.json","sections.dependantsAndOtherResidents","Dependants and other residents"
"src/main/assets/locales/cy/respondToClaim/endOfJourneyCya.json","sections.uploadFiles","Upload files"
"src/main/assets/locales/cy/respondToClaim/endOfJourneyCya.json","sections.otherConsiderations","Other considerations"
"src/main/assets/locales/cy/respondToClaim/endOfJourneyCya.json","rows.uploadedDocuments.label","Upload any files that you think are relevant to your response"
"src/main/assets/locales/cy/respondToClaim/endOfJourneyCya.json","rows.otherConsiderations.changeHidden","whether there is anything else you want to tell the court as part of your response"
"src/main/assets/locales/cy/respondToClaim/endOfJourneyCya.json","rows.otherConsiderationsDetails.changeHidden","the details about what else you want to tell the court"
"src/main/assets/locales/cy/respondToClaim/endOfJourneyCya.json","rows.languageUsed.changeHidden","which language you used to complete your response"
"src/main/assets/locales/cy/respondToClaim/endOfJourneyCya.json","statementOfTruth.hint","Please check all the details you have entered for accuracy."
"src/main/assets/locales/cy/respondToClaim/endOfJourneyCya.json","statementOfTruth.beliefOption","I believe that the facts stated in this defence form are true."
"src/main/assets/locales/cy/respondToClaim/endOfJourneyCya.json","errors.statementOfTruthContempt","Select if you understand that proceedings for contempt of court may be brought against anyone who makes, or causes to be made, a false statement in a document verified by a statement of truth without an honest belief in its truth"
"src/main/assets/locales/cy/respondToClaim/endOfJourneyCya.json","errors.statementOfTruthBelief","Select if you believe that the facts stated in this defence form are true"
"src/main/assets/locales/cy/respondToClaim/endOfJourneyCya.json","errors.fullName","Enter your full name"
"src/main/assets/locales/cy/respondToClaim/legalrep/confirmationOfNoticeDateWhenNotProvided.json","question","When did the defendant receive notice from {{claimantName}} (optional)?"
"src/main/assets/locales/cy/respondToClaim/legalrep/confirmationOfNoticeDateWhenNotProvided.json","errors.date.notRealDate","The date the defendant received notice must be a real date"
"src/main/assets/locales/cy/respondToClaim/legalrep/confirmationOfNoticeDateWhenNotProvided.json","errors.date.futureDate","The date the defendant received notice must either be today’s date or in the past"
"src/main/assets/locales/cy/respondToClaim/legalrep/confirmationOfNoticeDateWhenNotProvided.json","errors.date.invalidValue","The date the defendant received notice must be a real date"
"src/main/assets/locales/cy/respondToClaim/legalrep/confirmationOfNoticeDateWhenNotProvided.json","errors.date.missingOne","The date the defendant received notice must include a {{missingField}}"
"src/main/assets/locales/cy/respondToClaim/legalrep/confirmationOfNoticeDateWhenNotProvided.json","errors.date.missingTwo","The date the defendant received notice must include a {{first}} and {{second}}"
"src/main/assets/locales/cy/respondToClaim/legalrep/confirmationOfNoticeDateWhenProvided.json","hintText","When making the claim, {{claimantName}} had to say the date they gave the defendant notice (the date of service)."
"src/main/assets/locales/cy/respondToClaim/legalrep/confirmationOfNoticeDateWhenProvided.json","listItem1","They served the defendant with a notice seeking possession on {{noticeDate}}"
"src/main/assets/locales/cy/respondToClaim/legalrep/confirmationOfNoticeDateWhenProvided.json","question","When did the defendant receive notice from {{claimantName}} (optional)?"
"src/main/assets/locales/cy/respondToClaim/legalrep/confirmationOfNoticeDateWhenProvided.json","errors.date.notRealDate","The date the defendant received notice must be a real date"
"src/main/assets/locales/cy/respondToClaim/legalrep/confirmationOfNoticeDateWhenProvided.json","errors.date.futureDate","The date the defendant received notice must either be today’s date or in the past"
"src/main/assets/locales/cy/respondToClaim/legalrep/confirmationOfNoticeDateWhenProvided.json","errors.date.invalidValue","The date the defendant received notice must be a real date"
"src/main/assets/locales/cy/respondToClaim/legalrep/confirmationOfNoticeDateWhenProvided.json","errors.date.missingOne","The date the defendant received notice must include a {{missingField}}"
"src/main/assets/locales/cy/respondToClaim/legalrep/confirmationOfNoticeDateWhenProvided.json","errors.date.missingTwo","The date defendant received notice must include a {{first}} and {{second}}"
"src/main/assets/locales/cy/respondToClaim/legalrep/confirmationOfNoticeGiven.json","question","Did {{claimantName}} give the defendant notice of their intention to begin possession proceedings?"
"src/main/assets/locales/cy/respondToClaim/legalrep/confirmationOfNoticeGiven.json","options.imNotSure","Defendant is not sure"
"src/main/assets/locales/cy/respondToClaim/legalrep/confirmationOfNoticeGiven.json","noticeDateLabel","When did the defendant receive notice from {{claimantName}}? (Optional)"
"src/main/assets/locales/cy/respondToClaim/legalrep/confirmationOfNoticeGiven.json","errors.possessionNoticeReceived","Select if {{claimantName}} gave the defendant notice of their intention to begin possession proceedings"
"src/main/assets/locales/cy/respondToClaim/legalrep/confirmationOfNoticeGiven.json","errors.date.required","The date must include a day, month and year"
"src/main/assets/locales/cy/respondToClaim/legalrep/confirmationOfNoticeGiven.json","errors.date.notRealDate","The date must be a real date"
"src/main/assets/locales/cy/respondToClaim/legalrep/confirmationOfNoticeGiven.json","errors.date.futureDate","The date must be in the past"
"src/main/assets/locales/cy/respondToClaim/legalrep/confirmationOfNoticeGiven.json","errors.date.missingOne","The date must include a {{missingField}}"
"src/main/assets/locales/cy/respondToClaim/legalrep/confirmationOfNoticeGiven.json","errors.date.missingTwo","The date must include a {{first}} and {{second}}"
"src/main/assets/locales/cy/respondToClaim/legalrep/doAnyOtherAdultsLiveInYourHome.json","dependantQuestion","Do any other adults live in the defendant’s home?"
"src/main/assets/locales/cy/respondToClaim/legalrep/doAnyOtherAdultsLiveInYourHome.json","textAreaLabel","Give details about the other adults living in the defendant’s home"
"src/main/assets/locales/cy/respondToClaim/legalrep/doAnyOtherAdultsLiveInYourHome.json","errors.confirmOtherAdults","Select if any other adults live in the defendant’s home"
"src/main/assets/locales/cy/respondToClaim/legalrep/doAnyOtherAdultsLiveInYourHome.json","errors.otherAdultsDetails","Give details about the other adults living in their home"
"src/main/assets/locales/cy/respondToClaim/legalrep/doAnyOtherAdultsLiveInYourHome.json","errors.otherAdultsDetailsInvalidCharacters","Give details about the other adults living in their home must only include letters a to z, and special characters such as hyphens, spaces and apostrophes"
"src/main/assets/locales/cy/respondToClaim/legalrep/doYouHaveAnyDependantChildren.json","dependentQuestion","Does the defendant have any dependant children?"
"src/main/assets/locales/cy/respondToClaim/legalrep/doYouHaveAnyDependantChildren.json","dependentChildrenDetailsLabel","Give details about their dependant children"
"src/main/assets/locales/cy/respondToClaim/legalrep/doYouHaveAnyDependantChildren.json","errors.dependentChildren","Select if they have any dependant children"
"src/main/assets/locales/cy/respondToClaim/legalrep/doYouHaveAnyDependantChildren.json","errors.dependentChildrenDetails","Give details about their dependant children"
"src/main/assets/locales/cy/respondToClaim/legalrep/doYouHaveAnyOtherDependants.json","dependantQuestion","Does the defendant have any other dependants?"
"src/main/assets/locales/cy/respondToClaim/legalrep/doYouHaveAnyOtherDependants.json","otherDependantDetailsLabel","Give details about their other dependants"
"src/main/assets/locales/cy/respondToClaim/legalrep/doYouHaveAnyOtherDependants.json","errors.otherDependants","Select if they have any other dependants"
"src/main/assets/locales/cy/respondToClaim/legalrep/doYouHaveAnyOtherDependants.json","errors.otherDependantDetails","Give details about their other dependants"
"src/main/assets/locales/cy/respondToClaim/legalrep/exceptionalHardship.json","introParagraph1","You can use this section to explain any exceptional hardship the defendant may experience if they were asked to leave their home."
"src/main/assets/locales/cy/respondToClaim/legalrep/exceptionalHardship.json","introParagraph3","Any details the defendant provides will be considered by a judge when making their decision, but it is up to them to decide if exceptional hardship applies."
"src/main/assets/locales/cy/respondToClaim/legalrep/exceptionalHardship.json","forExample","For example, the defendant might have:"
"src/main/assets/locales/cy/respondToClaim/legalrep/exceptionalHardship.json","bullet2","lost their job or been made redundant"
"src/main/assets/locales/cy/respondToClaim/legalrep/exceptionalHardship.json","question","Would the defendant experience exceptional hardship if they were asked to leave their home?"
"src/main/assets/locales/cy/respondToClaim/legalrep/exceptionalHardship.json","textAreaLabel","Give details about the exceptional hardship the defendant would experience"
"src/main/assets/locales/cy/respondToClaim/legalrep/exceptionalHardship.json","errors.exceptionalHardship","Select if the defendant would experience exceptional hardship if they were asked to leave their home"
"src/main/assets/locales/cy/respondToClaim/legalrep/exceptionalHardship.json","errors.exceptionalHardshipDetails","Give details about the exceptional hardship the defendant would experience"
"src/main/assets/locales/cy/respondToClaim/legalrep/exceptionalHardship.json","errors.exceptionalHardshipDetailsInvalidCharacters","The details of the exceptional hardship the defendant would experience must only include letters a to z, and special characters such as hyphens, spaces and apostrophes"
"src/main/assets/locales/cy/respondToClaim/legalrep/haveYouAppliedForUniversalCredit.json","question","Has the defendant applied for Universal Credit?"
"src/main/assets/locales/cy/respondToClaim/legalrep/haveYouAppliedForUniversalCredit.json","dateLabel","When did the defendant apply?"
"src/main/assets/locales/cy/respondToClaim/legalrep/haveYouAppliedForUniversalCredit.json","errors.haveAppliedForUniversalCredit","Select if the defendant has applied for Universal Credit"
"src/main/assets/locales/cy/respondToClaim/legalrep/haveYouAppliedForUniversalCredit.json","errors.date.required","Enter the date the defendant applied for Universal Credit"
"src/main/assets/locales/cy/respondToClaim/legalrep/haveYouAppliedForUniversalCredit.json","errors.date.missingOne","The date the defendant applied for Universal Credit must include a {{missingField}}"
"src/main/assets/locales/cy/respondToClaim/legalrep/haveYouAppliedForUniversalCredit.json","errors.date.missingTwo","The date the defendant applied for Universal Credit must include a {{first}} and {{second}}"
"src/main/assets/locales/cy/respondToClaim/legalrep/haveYouAppliedForUniversalCredit.json","errors.date.notRealDate","The date the defendant applied for Universal Credit must be a real date"
"src/main/assets/locales/cy/respondToClaim/legalrep/haveYouAppliedForUniversalCredit.json","errors.date.futureDate","The date the defendant applied for Universal Credit must must either be today’s date or in the past"
"src/main/assets/locales/cy/respondToClaim/legalrep/howMuchAffordToPay.json","amountQuestion","How much could the defendant afford to pay in addition to the current rent?"
"src/main/assets/locales/cy/respondToClaim/legalrep/howMuchAffordToPay.json","frequencyQuestion","How frequently could the defendant afford to pay this amount?"
"src/main/assets/locales/cy/respondToClaim/legalrep/howMuchAffordToPay.json","errors.installmentAmount","Enter how much the defendant could afford to pay in addition to the current rent"
"src/main/assets/locales/cy/respondToClaim/legalrep/howMuchAffordToPay.json","errors.installmentAmountMax","The amount the defendant could afford to pay in addition to the current rent must be less than £1 billion"
"src/main/assets/locales/cy/respondToClaim/legalrep/howMuchAffordToPay.json","errors.installmentAmountMin","The amount the defendant could afford to pay in addition to the current rent must be £0.00 or above"
"src/main/assets/locales/cy/respondToClaim/legalrep/howMuchAffordToPay.json","errors.installmentFrequency","Select how frequently the defendant could afford to pay this amount"
"src/main/assets/locales/cy/respondToClaim/legalrep/incomeAndExpenses.json","infoParagraph1","Details about the defendant’s income and expenses can be used by a judge to reach a decision on their case, and also to decide how much they could afford to repay if they have rent arrears."
"src/main/assets/locales/cy/respondToClaim/legalrep/incomeAndExpenses.json","infoParagraph2","Providing details about the defendant’s income and expenses is optional."
"src/main/assets/locales/cy/respondToClaim/legalrep/incomeAndExpenses.json","infoParagraph3","The claimant will be able to see the defendant’s answers."
"src/main/assets/locales/cy/respondToClaim/legalrep/incomeAndExpenses.json","question","Does the defendant want to provide details of their income and expenses?"
"src/main/assets/locales/cy/respondToClaim/legalrep/incomeAndExpenses.json","errors.provideFinanceDetails","Select if the defendant wants to provide details of their income and expenses"
"src/main/assets/locales/cy/respondToClaim/legalrep/installmentPayments.json","pageTitle","Instalment payments"
"src/main/assets/locales/cy/respondToClaim/legalrep/installmentPayments.json","heading","Instalment payments"
"src/main/assets/locales/cy/respondToClaim/legalrep/installmentPayments.json","question","Would the defendant like to offer to pay off their arrears in instalments?"
"src/main/assets/locales/cy/respondToClaim/legalrep/installmentPayments.json","errors.confirmInstallmentOffer","Select whether the defendant would like to offer to pay off their arrears in instalments"
"src/main/assets/locales/cy/respondToClaim/legalrep/landlordLicensed.json","paragraph","You can check if the landlord is licensed by searching the <a href=""https://rentsmart.gov.wales/en/check-register/"" target=""_blank"" rel=""noopener noreferrer"" class=""govuk-link""> Public Register (opens in new tab)</a>."
"src/main/assets/locales/cy/respondToClaim/legalrep/landlordLicensed.json","question","Is the landlord licensed?"
"src/main/assets/locales/cy/respondToClaim/legalrep/landlordLicensed.json","options.imNotSure","Defendant is not sure"
"src/main/assets/locales/cy/respondToClaim/legalrep/landlordLicensed.json","errors.confirmLandlordLicensed","Select if the defendant agrees with the landlord’s claim to be licensed"
"src/main/assets/locales/cy/respondToClaim/legalrep/landlordRegistered.json","introText","You can check if the landlord is registered by searching the"
"src/main/assets/locales/cy/respondToClaim/legalrep/landlordRegistered.json","question","Is the landlord registered?"
"src/main/assets/locales/cy/respondToClaim/legalrep/landlordRegistered.json","options.imNotSure","Defendant is not sure"
"src/main/assets/locales/cy/respondToClaim/legalrep/landlordRegistered.json","errors.landlordRegistered","Select if the defendant agrees with the landlord’s claim to be registered"
"src/main/assets/locales/cy/respondToClaim/legalrep/nonRentArrearsDispute.json","disputeOtherPartsQuestion","Does the defendant dispute any other parts of the claim?"
"src/main/assets/locales/cy/respondToClaim/legalrep/nonRentArrearsDispute.json","disputeDetails.label","Explain which parts of the claim the defendant does not agree with"
"src/main/assets/locales/cy/respondToClaim/legalrep/nonRentArrearsDispute.json","errors.disputeOtherParts","Select if the defendant wants to dispute any other parts of the claim"
"src/main/assets/locales/cy/respondToClaim/legalrep/nonRentArrearsDispute.json","errors.disputeDetails.required","Enter the parts of the claim the defendant disputes"
"src/main/assets/locales/cy/respondToClaim/legalrep/otherConsiderations.json","heading","Other considerations"
"src/main/assets/locales/cy/respondToClaim/legalrep/otherConsiderations.json","question","Is there anything else the defendant wants to tell the court as part of their response?"
"src/main/assets/locales/cy/respondToClaim/legalrep/otherConsiderations.json","otherConsiderationsDetailsLabel","Give details about what else the defendant wants to tell the court"
"src/main/assets/locales/cy/respondToClaim/legalrep/otherConsiderations.json","errors.otherConsiderations","Select if there is anything else the defendant wants to tell the court"
"src/main/assets/locales/cy/respondToClaim/legalrep/otherConsiderations.json","errors.otherConsiderationsDetails","Enter details about what the defendant wants to tell the court"
"src/main/assets/locales/cy/respondToClaim/legalrep/otherConsiderations.json","errors.otherConsiderationsInvalid","Give details about what else the defendant wants to tell the court must only include letters a to z, and special characters such as hyphens, spaces and apostrophes"
"src/main/assets/locales/cy/respondToClaim/legalrep/otherConsiderations.json","errors.otherConsiderationsDetailsMaxLength","Details about what else the defendant wants to tell the court must be 6400 characters or less"
"src/main/assets/locales/cy/respondToClaim/legalrep/priorityDebtDetails.json","totalQuestion","What is the total amount the defendant owes for all their priority debts?"
"src/main/assets/locales/cy/respondToClaim/legalrep/priorityDebtDetails.json","contributionQuestion","How much does the defendant pay towards their priority debts each week or month?"
"src/main/assets/locales/cy/respondToClaim/legalrep/priorityDebtDetails.json","errors.priorityDebtTotal","Enter the total amount the defendant owes for all their priority debts"
"src/main/assets/locales/cy/respondToClaim/legalrep/priorityDebtDetails.json","errors.priorityDebtTotalMin","The total amount the defendant owes for all their priority debts must be £0.00 or above"
"src/main/assets/locales/cy/respondToClaim/legalrep/priorityDebtDetails.json","errors.priorityDebtTotalMax","The total amount the defendant owes for all their priority debts must be less than £1 billion"
"src/main/assets/locales/cy/respondToClaim/legalrep/priorityDebtDetails.json","errors.priorityDebtContribution","Enter the amount the defendant pays towards their priority debts each week or month"
"src/main/assets/locales/cy/respondToClaim/legalrep/priorityDebtDetails.json","errors.priorityDebtContributionMin","The amount the defendant pays towards their priority debts each week or month must be £0.00 or above"
"src/main/assets/locales/cy/respondToClaim/legalrep/priorityDebtDetails.json","errors.priorityDebtContributionMax","The amount the defendant pays towards their priority debts each week or month must be less than £1 billion"
"src/main/assets/locales/cy/respondToClaim/legalrep/priorityDebtDetails.json","errors.priorityDebtContributionFrequency","Select how frequently the defendant pays the amount they entered above"
"src/main/assets/locales/cy/respondToClaim/legalrep/priorityDebts.json","paragraph1","Priority debts are debts which could lead to serious consequences if the defendant does not pay them."
"src/main/assets/locales/cy/respondToClaim/legalrep/priorityDebts.json","question","Does the defendant have any priority debts?"
"src/main/assets/locales/cy/respondToClaim/legalrep/priorityDebts.json","errors.havePriorityDebts","Select if the defendant has any priority debts"
"src/main/assets/locales/cy/respondToClaim/legalrep/rentArrearsDispute.json","amountOwedHeading","Amount the defendant owes in rent arrears given by {{claimantName}}:"
"src/main/assets/locales/cy/respondToClaim/legalrep/rentArrearsDispute.json","rentArrearsQuestion","Does the defendant owe this amount in rent arrears?"
"src/main/assets/locales/cy/respondToClaim/legalrep/rentArrearsDispute.json","rentArrearsOptions.notSure","Defendant is not sure"
"src/main/assets/locales/cy/respondToClaim/legalrep/rentArrearsDispute.json","rentArrearsAmountCorrection.label","How much does the defendant believe they owe in rent arrears?"
"src/main/assets/locales/cy/respondToClaim/legalrep/rentArrearsDispute.json","errors.rentArrears.required","Select if the defendant owes this amount in rent arrears"
"src/main/assets/locales/cy/respondToClaim/legalrep/rentArrearsDispute.json","errors.rentArrearsAmountCorrection.required","Enter the amount the defendant believes they owe in rent arrears"
"src/main/assets/locales/cy/respondToClaim/legalrep/rentArrearsDispute.json","errors.rentArrearsAmountCorrection.negativeAmount","The amount the defendant believes they owe in rent arrears must be £0.00 or above"
"src/main/assets/locales/cy/respondToClaim/legalrep/rentArrearsDispute.json","errors.rentArrearsAmountCorrection.largeAmount","The amount the defendant believes they owe in rent arrears must be less than £1 billion"
"src/main/assets/locales/cy/respondToClaim/legalrep/rentArrearsDispute.json","errors.rentArrearsAmountCorrection.invalidFormat","Enter how much the defendant believes they owe in rent arrears, in the correct format (e.g. if the defendant owes £148, please write £148.00)"
"src/main/assets/locales/cy/respondToClaim/legalrep/rentArrearsDispute.json","errors.rentArrears.rentArrearsAmountCorrection","How much does the defendant believe they owe in rent arrears?"
"src/main/assets/locales/cy/respondToClaim/legalrep/repaymentsAgreed.json","heading","Repayment agreement"
"src/main/assets/locales/cy/respondToClaim/legalrep/repaymentsAgreed.json","repaymentsAgreedQuestion","Has the defendant come to any agreement with {{claimantName}} to repay the arrears since {{dateIssued, ordinalDate}}?"
"src/main/assets/locales/cy/respondToClaim/legalrep/repaymentsAgreed.json","options.imNotSure","Defendant is not sure"
"src/main/assets/locales/cy/respondToClaim/legalrep/repaymentsAgreed.json","textAreaLabel","Give details about how much they’ve agreed to pay and when"
"src/main/assets/locales/cy/respondToClaim/legalrep/repaymentsAgreed.json","textAreaHint","Enter up to 500 characters"
"src/main/assets/locales/cy/respondToClaim/legalrep/repaymentsAgreed.json","errors.repaymentsAgreed","Select if the defendant has come to any agreement with {{claimantName}} to repay the arrears since {{dateIssued, ordinalDate}}"
"src/main/assets/locales/cy/respondToClaim/legalrep/repaymentsAgreed.json","errors.repaymentsAgreed.repaymentsAgreedDetails","Give details about how much the defendant has agreed to pay, how often the defendant will pay and when the agreement was made"
"src/main/assets/locales/cy/respondToClaim/legalrep/repaymentsMade.json","heading","Previous payments"
"src/main/assets/locales/cy/respondToClaim/legalrep/repaymentsMade.json","textAreaLabel","Give details about how much the defendant paid and when"
"src/main/assets/locales/cy/respondToClaim/legalrep/repaymentsMade.json","errors.repaymentsInfo","Give details about how much the defendant paid and when"
"src/main/assets/locales/cy/respondToClaim/legalrep/repaymentsMade.json","errors.confirmRepaymentsMade","Select if the defendant has paid any money to {{claimantName}} since {{dateIssued, ordinalDate}}"
"src/main/assets/locales/cy/respondToClaim/legalrep/selectDefendant.json","pageTitle","Representation"
"src/main/assets/locales/cy/respondToClaim/legalrep/selectDefendant.json","heading","Representation"
"src/main/assets/locales/cy/respondToClaim/legalrep/selectDefendant.json","detailsHeading","If you’re representing more than one defendant in this case, you must submit a separate response for each one."
"src/main/assets/locales/cy/respondToClaim/legalrep/selectDefendant.json","selectDefendantLabel","Which defendant are you completing this response on behalf of?"
"src/main/assets/locales/cy/respondToClaim/legalrep/selectDefendant.json","errors.selectDefendant","You must select a defendant to represent"
"src/main/assets/locales/cy/respondToClaim/legalrep/startNow.json","provideDetailsInfo","This service is also available <a href=""?lang=en"" class=""govuk-link language"">in English</a>."
"src/main/assets/locales/cy/respondToClaim/legalrep/startNow.json","hmctsSupportInfo","If you or the defendant need support to use HMCTS services, like step-free access to a court for the hearing, you can request this after you’ve submitted your response."
"src/main/assets/locales/cy/respondToClaim/legalrep/tenancyDateDetails.json","bulletPoint","The tenancy, occupation contract or licence began on {{tenancyStartDate}}"
"src/main/assets/locales/cy/respondToClaim/legalrep/tenancyDateDetails.json","options.notSure","Defendant is not sure"
"src/main/assets/locales/cy/respondToClaim/legalrep/tenancyDateUnknown.json","question","What is the tenancy, occupation contract or licence start date? (Optional)"
"src/main/assets/locales/cy/respondToClaim/legalrep/tenancyTypeDetails.json","insetText","When they made their claim, {{orgname}} had to give details about the type of tenancy, occupation contract or licence agreement the defendant signed to rent their property, and the date it began, if known."
"src/main/assets/locales/cy/respondToClaim/legalrep/tenancyTypeDetails.json","notSure","Defendant is not sure"
"src/main/assets/locales/cy/respondToClaim/legalrep/whatOtherRegularExpensesDoYouHave.json","pageTitle","Expenses"
"src/main/assets/locales/cy/respondToClaim/legalrep/whatOtherRegularExpensesDoYouHave.json","heading","Expenses"
"src/main/assets/locales/cy/respondToClaim/legalrep/whatOtherRegularExpensesDoYouHave.json","expenseQuestion","What regular monthly expenses does the defendant have? (Optional)"
"src/main/assets/locales/cy/respondToClaim/legalrep/whatOtherRegularExpensesDoYouHave.json","hintText","Select all that apply. The information the defendant provides must be truthful and accurate."
"src/main/assets/locales/cy/respondToClaim/legalrep/whatOtherRegularExpensesDoYouHave.json","errors.householdBillsAmount.required","Enter the amount the defendant pays for household bills"
"src/main/assets/locales/cy/respondToClaim/legalrep/whatOtherRegularExpensesDoYouHave.json","errors.householdBillsAmount.negative","The amount the defendant pays for household bills each week or month must be £0.00 or above"
"src/main/assets/locales/cy/respondToClaim/legalrep/whatOtherRegularExpensesDoYouHave.json","errors.householdBillsAmount.largeAmount","The amount the defendant pays for household bills each week or month must be less than £1 billion"
"src/main/assets/locales/cy/respondToClaim/legalrep/whatOtherRegularExpensesDoYouHave.json","errors.householdBillsFrequency.required","Select how frequently the defendant pays household bills"
"src/main/assets/locales/cy/respondToClaim/legalrep/whatOtherRegularExpensesDoYouHave.json","errors.loanPaymentsAmount.required","Enter the amount the defendant pays for loan payments"
"src/main/assets/locales/cy/respondToClaim/legalrep/whatOtherRegularExpensesDoYouHave.json","errors.loanPaymentsAmount.negative","The amount the defendant pays for loan payments each week or month must be £0.00 or above"
"src/main/assets/locales/cy/respondToClaim/legalrep/whatOtherRegularExpensesDoYouHave.json","errors.loanPaymentsAmount.largeAmount","The amount the defendant pays for loan payments each week or month must be less than £1 billion"
"src/main/assets/locales/cy/respondToClaim/legalrep/whatOtherRegularExpensesDoYouHave.json","errors.loanPaymentsFrequency.required","Select how frequently the defendant makes loan payments"
"src/main/assets/locales/cy/respondToClaim/legalrep/whatOtherRegularExpensesDoYouHave.json","errors.childSpousalMaintenanceAmount.required","Enter the amount the defendant pays for child or spousal maintenance"
"src/main/assets/locales/cy/respondToClaim/legalrep/whatOtherRegularExpensesDoYouHave.json","errors.childSpousalMaintenanceAmount.negative","The amount the defendant pays for child or spousal maintenance each week or month must be £0.00 or above"
"src/main/assets/locales/cy/respondToClaim/legalrep/whatOtherRegularExpensesDoYouHave.json","errors.childSpousalMaintenanceAmount.largeAmount","The amount the defendant pays for child or spousal maintenance each week or month must be less than £1 billion"
"src/main/assets/locales/cy/respondToClaim/legalrep/whatOtherRegularExpensesDoYouHave.json","errors.childSpousalMaintenanceFrequency.required","Select how frequently the defendant pays child or spousal maintenance"
"src/main/assets/locales/cy/respondToClaim/legalrep/whatOtherRegularExpensesDoYouHave.json","errors.mobilePhoneAmount.required","Enter the amount the defendant pays for a mobile phone"
"src/main/assets/locales/cy/respondToClaim/legalrep/whatOtherRegularExpensesDoYouHave.json","errors.mobilePhoneAmount.negative","The amount the defendant pays for a mobile phone each week or month must be £0.00 or above"
"src/main/assets/locales/cy/respondToClaim/legalrep/whatOtherRegularExpensesDoYouHave.json","errors.mobilePhoneAmount.largeAmount","The amount the defendant pays for a mobile phone each week or month must be less than £1 billion"
"src/main/assets/locales/cy/respondToClaim/legalrep/whatOtherRegularExpensesDoYouHave.json","errors.mobilePhoneFrequency.required","Select how frequently the defendant pays for a mobile phone"
"src/main/assets/locales/cy/respondToClaim/legalrep/whatOtherRegularExpensesDoYouHave.json","errors.groceryShoppingAmount.required","Enter the amount the defendant pays for grocery shopping"
"src/main/assets/locales/cy/respondToClaim/legalrep/whatOtherRegularExpensesDoYouHave.json","errors.groceryShoppingAmount.negative","The amount the defendant pays for grocery shopping each week or month must be £0.00 or above"
"src/main/assets/locales/cy/respondToClaim/legalrep/whatOtherRegularExpensesDoYouHave.json","errors.groceryShoppingAmount.largeAmount","The amount the defendant pays for grocery shopping each week or month must be less than £1 billion"
"src/main/assets/locales/cy/respondToClaim/legalrep/whatOtherRegularExpensesDoYouHave.json","errors.groceryShoppingFrequency.required","Select how frequently the defendant pays for grocery shopping"
"src/main/assets/locales/cy/respondToClaim/legalrep/whatOtherRegularExpensesDoYouHave.json","errors.fuelParkingTransportAmount.required","Enter the amount the defendant pays for fuel, parking and transport"
"src/main/assets/locales/cy/respondToClaim/legalrep/whatOtherRegularExpensesDoYouHave.json","errors.fuelParkingTransportAmount.negative","The amount the defendant pays for fuel, parking and transport each week or month must be £0.00 or above"
"src/main/assets/locales/cy/respondToClaim/legalrep/whatOtherRegularExpensesDoYouHave.json","errors.fuelParkingTransportAmount.largeAmount","The amount the defendant pays for fuel, parking and transport each week or month must be less than £1 billion"
"src/main/assets/locales/cy/respondToClaim/legalrep/whatOtherRegularExpensesDoYouHave.json","errors.fuelParkingTransportFrequency.required","Select how frequently the defendant pays for fuel, parking and transport"
"src/main/assets/locales/cy/respondToClaim/legalrep/whatOtherRegularExpensesDoYouHave.json","errors.schoolCostsAmount.required","Enter the amount the defendant pays for school costs"
"src/main/assets/locales/cy/respondToClaim/legalrep/whatOtherRegularExpensesDoYouHave.json","errors.schoolCostsAmount.negative","The amount the defendant pays for school costs each week or month must be £0.00 or above"
"src/main/assets/locales/cy/respondToClaim/legalrep/whatOtherRegularExpensesDoYouHave.json","errors.schoolCostsAmount.largeAmount","The amount the defendant pays for school costs each week or month must be less than £1 billion"
"src/main/assets/locales/cy/respondToClaim/legalrep/whatOtherRegularExpensesDoYouHave.json","errors.schoolCostsFrequency.required","Select how frequently the defendant pays school costs"
"src/main/assets/locales/cy/respondToClaim/legalrep/whatOtherRegularExpensesDoYouHave.json","errors.clothingAmount.required","Enter the amount the defendant pays for clothing"
"src/main/assets/locales/cy/respondToClaim/legalrep/whatOtherRegularExpensesDoYouHave.json","errors.clothingAmount.negative","The amount the defendant pays for clothing each week or month must be £0.00 or above"
"src/main/assets/locales/cy/respondToClaim/legalrep/whatOtherRegularExpensesDoYouHave.json","errors.clothingAmount.largeAmount","The amount the defendant pays for clothing each week or month must be less than £1 billion"
"src/main/assets/locales/cy/respondToClaim/legalrep/whatOtherRegularExpensesDoYouHave.json","errors.clothingFrequency.required","Select how frequently the defendant pays for clothing"
"src/main/assets/locales/cy/respondToClaim/legalrep/whatOtherRegularExpensesDoYouHave.json","errors.otherExpensesAmount.required","Enter the amount the defendant pays for other regular expenses"
"src/main/assets/locales/cy/respondToClaim/legalrep/whatOtherRegularExpensesDoYouHave.json","errors.otherExpensesAmount.negative","The amount the defendant pays for other expenses each week or month must be £0.00 or above"
"src/main/assets/locales/cy/respondToClaim/legalrep/whatOtherRegularExpensesDoYouHave.json","errors.otherExpensesAmount.largeAmount","The amount the defendant pays for other expenses each week or month must be less than £1 billion"
"src/main/assets/locales/cy/respondToClaim/legalrep/whatOtherRegularExpensesDoYouHave.json","errors.otherExpensesFrequency.required","Select how frequently the defendant pays for other expenses"
"src/main/assets/locales/cy/respondToClaim/legalrep/whatRegularIncomeDoYouReceive.json","heading","Income"
"src/main/assets/locales/cy/respondToClaim/legalrep/whatRegularIncomeDoYouReceive.json","incomeQuestion","What regular income does the defendant receive? (Optional)"
"src/main/assets/locales/cy/respondToClaim/legalrep/whatRegularIncomeDoYouReceive.json","hintText","Select all that apply. The information the defendant provides must be truthful and accurate."
"src/main/assets/locales/cy/respondToClaim/legalrep/whatRegularIncomeDoYouReceive.json","options.incomeFromJobs","Income from all jobs they do"
"src/main/assets/locales/cy/respondToClaim/legalrep/whatRegularIncomeDoYouReceive.json","options.moneyFromElsewhere","Money from somewhere else (for example, child maintenance payments or someone in the defendant’s household gives them money)"
"src/main/assets/locales/cy/respondToClaim/legalrep/whatRegularIncomeDoYouReceive.json","subFields.moneyFromElsewhereDetailsHint","Give details about the other sources of income and how much the defendant usually receives a month"
"src/main/assets/locales/cy/respondToClaim/legalrep/whatRegularIncomeDoYouReceive.json","errors.incomeFromJobsAmount.required","Enter the total amount the defendant receives from all jobs they do"
"src/main/assets/locales/cy/respondToClaim/legalrep/whatRegularIncomeDoYouReceive.json","errors.incomeFromJobsAmount.negative","The total amount the defendant receives from all jobs they do each week or month must be £0.00 or above"
"src/main/assets/locales/cy/respondToClaim/legalrep/whatRegularIncomeDoYouReceive.json","errors.incomeFromJobsAmount.largeAmount","The total amount the defendant receives from all jobs you do each week or month must be less than £1 billion"
"src/main/assets/locales/cy/respondToClaim/legalrep/whatRegularIncomeDoYouReceive.json","errors.incomeFromJobsFrequency.required","Select how frequently the defendant receives income from all jobs they do"
"src/main/assets/locales/cy/respondToClaim/legalrep/whatRegularIncomeDoYouReceive.json","errors.pensionAmount.required","Enter the total amount the defendant receives from a state or private pension"
"src/main/assets/locales/cy/respondToClaim/legalrep/whatRegularIncomeDoYouReceive.json","errors.pensionAmount.negative","The total amount the defendant receives from pension (state and private) each week or month must be £0.00 or above"
"src/main/assets/locales/cy/respondToClaim/legalrep/whatRegularIncomeDoYouReceive.json","errors.pensionAmount.largeAmount","The total amount the defendant receives from pension (state and private) each week or month must be less than £1 billion"
"src/main/assets/locales/cy/respondToClaim/legalrep/whatRegularIncomeDoYouReceive.json","errors.pensionFrequency.required","Select how frequently the defendant receives income from a state or private pension"
"src/main/assets/locales/cy/respondToClaim/legalrep/whatRegularIncomeDoYouReceive.json","errors.universalCreditAmount.required","Enter the total amount the defendant receives from Universal Credit"
"src/main/assets/locales/cy/respondToClaim/legalrep/whatRegularIncomeDoYouReceive.json","errors.universalCreditAmount.negative","The total amount the defendant receives from Universal Credit each week or month must be £0.00 or above"
"src/main/assets/locales/cy/respondToClaim/legalrep/whatRegularIncomeDoYouReceive.json","errors.universalCreditAmount.largeAmount","The total amount the defendsnt receives from Universal Credit each week or month must be less than £1 billion"
"src/main/assets/locales/cy/respondToClaim/legalrep/whatRegularIncomeDoYouReceive.json","errors.universalCreditFrequency.required","Select how frequently the defendant receives Universal Credit"
"src/main/assets/locales/cy/respondToClaim/legalrep/whatRegularIncomeDoYouReceive.json","errors.otherBenefitsAmount.required","Enter the total amount the defendant receives from other benefits and credits"
"src/main/assets/locales/cy/respondToClaim/legalrep/whatRegularIncomeDoYouReceive.json","errors.otherBenefitsAmount.negative","The total amount the defendant receives from other benefits and credit each week or month must be £0.00 or above"
"src/main/assets/locales/cy/respondToClaim/legalrep/whatRegularIncomeDoYouReceive.json","errors.otherBenefitsAmount.largeAmount","The total amount the defendant receives from other benefits and credit each week or month must be less than £1 billion"
"src/main/assets/locales/cy/respondToClaim/legalrep/whatRegularIncomeDoYouReceive.json","errors.otherBenefitsFrequency.required","Select how frequently the defendant receives income from other benefits and credits"
"src/main/assets/locales/cy/respondToClaim/legalrep/whatRegularIncomeDoYouReceive.json","errors.moneyFromElsewhereDetails.required","Enter details about the money the defendant received from somewhere else and how much the defendant usually receives"
"src/main/assets/locales/cy/respondToClaim/legalrep/whatRegularIncomeDoYouReceive.json","errors.moneyFromElsewhereDetails.invalidCharacters","Give details about the other sources of income and how much the defendant usually receives must only include letters a to z, and special characters such as hyphens, spaces and apostrophes"
"src/main/assets/locales/cy/respondToClaim/legalrep/wouldYouHaveSomewhereElseToLiveIfYouHadToLeaveYourHome.json","heading","Alternative accommodation"
"src/main/assets/locales/cy/respondToClaim/legalrep/wouldYouHaveSomewhereElseToLiveIfYouHadToLeaveYourHome.json","accommodationQuestion","Would the defendant have somewhere else to live if they had to leave their home?"
"src/main/assets/locales/cy/respondToClaim/legalrep/wouldYouHaveSomewhereElseToLiveIfYouHadToLeaveYourHome.json","dateLabel","When would they be able to move in? (Optional)"
"src/main/assets/locales/cy/respondToClaim/legalrep/wouldYouHaveSomewhereElseToLiveIfYouHadToLeaveYourHome.json","options.notSure","Defendant is not sure"
"src/main/assets/locales/cy/respondToClaim/legalrep/wouldYouHaveSomewhereElseToLiveIfYouHadToLeaveYourHome.json","errors.date.notRealDate","The date the defendant would be able to move in must be a real date "
"src/main/assets/locales/cy/respondToClaim/legalrep/wouldYouHaveSomewhereElseToLiveIfYouHadToLeaveYourHome.json","errors.date.pastDate","The date the defendant would be able to move in must be in the future"
"src/main/assets/locales/cy/respondToClaim/legalrep/wouldYouHaveSomewhereElseToLiveIfYouHadToLeaveYourHome.json","errors.date.invalidValue","The date the defendant would be able to move in must be a real date "
"src/main/assets/locales/cy/respondToClaim/legalrep/wouldYouHaveSomewhereElseToLiveIfYouHadToLeaveYourHome.json","errors.date.missingOne","The date the defendant would be able to move in must include a {{missingField}}"
"src/main/assets/locales/cy/respondToClaim/legalrep/wouldYouHaveSomewhereElseToLiveIfYouHadToLeaveYourHome.json","errors.date.missingTwo","The date the defendant would be able to move in must include a {{first}} and {{second}}"
"src/main/assets/locales/cy/respondToClaim/legalrep/wouldYouHaveSomewhereElseToLiveIfYouHadToLeaveYourHome.json","errors.confirmAlternativeAccommodation","Select if the defendant would have somewhere else to live if they had to leave their home"
"src/main/assets/locales/cy/respondToClaim/legalrep/writtenTerms.json","introText","It is required under the Renting Homes Wales Act 2016 for a landlord to send the defendant written terms of the occupation contract."
"src/main/assets/locales/cy/respondToClaim/legalrep/writtenTerms.json","question","Has the landlord sent the defendant written terms of the occupation contract?"
"src/main/assets/locales/cy/respondToClaim/legalrep/writtenTerms.json","termsQuestion","Has the landlord sent the defendant written terms of the occupation contract?"
"src/main/assets/locales/cy/respondToClaim/legalrep/writtenTerms.json","options.imNotSure","Defendant is not sure"
"src/main/assets/locales/cy/respondToClaim/legalrep/writtenTerms.json","errors.writtenTerms","Select if the landlord has sent the defendant written terms of the occupation contract"
"src/main/assets/locales/cy/respondToClaim/legalrep/yourCircumstances.json","pageTitle","Circumstances"
"src/main/assets/locales/cy/respondToClaim/legalrep/yourCircumstances.json","introParagraph","Use this section to give details about any events or circumstances that have impacted the defendant’s case that a judge should know about."
"src/main/assets/locales/cy/respondToClaim/legalrep/yourCircumstances.json","bullet1","someone in the defendant’s household has an illness or disability"
"src/main/assets/locales/cy/respondToClaim/legalrep/yourCircumstances.json","bullet2","children in the defendant’s household attend a local school"
"src/main/assets/locales/cy/respondToClaim/legalrep/yourCircumstances.json","bullet3","the defendant works irregular hours, making it hard to find a new place to live"
"src/main/assets/locales/cy/respondToClaim/legalrep/yourCircumstances.json","circumstanceQuestion","Would you like to share anything about the defendant’s circumstances?"
"src/main/assets/locales/cy/respondToClaim/legalrep/yourCircumstances.json","textAreaLabel","Give details about the defendant’s circumstances"
"src/main/assets/locales/cy/respondToClaim/legalrep/yourCircumstances.json","errors.shareCircumstances","Select if the defendant would like to share anything about their circumstances"
"src/main/assets/locales/cy/respondToClaim/legalrep/yourCircumstances.json","errors.circumstancesDetails","Give details about the defendant’s circumstances"
"src/main/assets/locales/cy/respondToClaim/legalrep/yourCircumstances.json","errors.circumstancesDetailsInvalidCharacters","The details of their circumstances must only include letters a to z, and special characters such as hyphens, spaces and apostrophes"
"src/main/assets/locales/cy/respondToClaim/reasonableAdjustmentsTriage.json","askingForReasonableAdjustmentListItem1","step-free access to the court"
"src/main/assets/locales/cy/respondToClaim/reasonableAdjustmentsTriage.json","askingForReasonableAdjustmentListItem2","bringing support with you to the hearing, like an assistance dog"
"src/main/assets/locales/cy/respondToClaim/reasonableAdjustmentsTriage.json","askingForReasonableAdjustmentListItem3","documents in an alternative format, like large print"
"src/main/assets/locales/cy/respondToClaim/reasonableAdjustmentsTriage.json","askingForReasonableAdjustmentListItem4","regular breaks during a hearing to make you feel more comfortable"
"src/main/assets/locales/cy/respondToClaim/reasonableAdjustmentsTriage.json","askingForSomethingElseListItem1","communication and documents in Welsh or to speak Welsh at your hearing"
"src/main/assets/locales/cy/respondToClaim/reasonableAdjustmentsTriage.json","askingForSomethingElseListItem2","a language interpreter"
"src/main/assets/locales/cy/respondToClaim/reasonableAdjustmentsTriage.json","askingForSomethingElseListItem3","special measures, like giving evidence in private, because you’re vulnerable"
"src/main/assets/locales/cy/respondToClaim/responseSubmitted.json","responseSubmittedListItem2","Some people need support to use HMCTS services, like step-free access to a court for a hearing. If you need support and have not already asked for it in your response, contact us. Use the ‘Contact us for help’ link on this page.</a>."
"src/main/assets/locales/cy/respondToClaim/responseSubmittedCounterClaimFeePaymentNeeded.json","pageTitle","Response submitted. You must pay your counterclaim fee"
"src/main/assets/locales/cy/respondToClaim/responseSubmittedCounterClaimFeePaymentNeeded.json","responseSubmittedCounterClaimFeePaymentNeededListItem1","<a href='{{counterClaimApplicationFeeAmountUrl}}'>Pay your counterclaim fee</a>. If you do not, your counterclaim will not be considered."
"src/main/assets/locales/cy/respondToClaim/uploadDocument.json","heading","Upload files (optional)"
"src/main/assets/locales/cy/respondToClaim/uploadDocument.json","guidanceText","Upload any files that you think are relevant to your response. The claimant will be able to see the files you upload."
"src/main/assets/locales/cy/respondToClaim/uploadDocument.json","beforeUploadHeading","Before you upload your files"
"src/main/assets/locales/cy/respondToClaim/uploadDocument.json","beforeUploadText","Give your file a name that explains what it is. For example, 'Receipt of payment from Jane Smith'"
"src/main/assets/locales/cy/uploadAdditionalDocuments/checkYourAnswers.json","errors.submitFailed","Your files were not submitted. Try again."
"src/main/assets/locales/cy/uploadAdditionalDocuments/confirmIfTheseDocumentsRelateToAnApplication.json","applicationOptionSuspend","Yes, the documents I’m uploading relate to the application to suspend the eviction - submitted on {{date}}"
"src/main/assets/locales/cy/uploadAdditionalDocuments/documentsUploaded.json","pageTitle","Documents uploaded"
"src/main/assets/locales/cy/uploadAdditionalDocuments/documentsUploaded.json","panelTitle","Documents uploaded"
"src/main/assets/locales/cy/uploadAdditionalDocuments/documentsUploaded.json","confirmationBody","We have received the documents you uploaded"
"src/main/assets/locales/cy/uploadAdditionalDocuments/documentsUploaded.json","whatHappensNext.body","You do not need to do anything else. We will review the documents."
"src/main/assets/locales/cy/uploadAdditionalDocuments/startEvidenceUpload.json","exampleBullet1","evidence that a judge has asked for, like bank statements showing your rent payments"
"src/main/assets/locales/cy/uploadAdditionalDocuments/startEvidenceUpload.json","exampleBullet2","photographs of the property in a state of disrepair, like damp in the bathroom"
"src/main/assets/locales/cy/uploadAdditionalDocuments/startEvidenceUpload.json","exampleBullet3","a report from an electrician or a plumber, showing evidence of a repair that needs to be done"
"src/main/assets/locales/cy/uploadAdditionalDocuments/startEvidenceUpload.json","exampleBullet4","emails or letters from the claimant (your landlord, housing association, or mortgage lender)"
"src/main/assets/locales/cy/uploadAdditionalDocuments/uploadYourDocuments.json","guidanceText","You should only upload documents that are relevant to the claim."
"src/main/assets/locales/cy/uploadAdditionalDocuments/uploadYourDocuments.json","beforeUploadText","Before you upload the document, give it a name that tells the court what it is, for example ‘witness statement’, or ‘tenancy agreement’."
"src/main/assets/locales/cy/uploadAdditionalDocuments/uploadYourDocuments.json","errors.documents.required","Select a file"
"src/main/assets/locales/cy/viewTheClaim.json","theClaimEyebrow","The claim"
"src/main/assets/locales/cy/viewTheClaim.json","introTextFallback","A property possession claim has been made against you. These are the claimant's answers to the questions they were asked when making their claim."
"src/main/assets/locales/cy/viewTheClaim.json","propertyAddressLabel","Property address:"
"src/main/assets/locales/cy/viewTheClaim.json","dateIssued","Date issued"
"src/main/assets/locales/cy/viewTheClaim.json","dateSubmitted","Date submitted"
"src/main/assets/locales/cy/viewTheClaim.json","claimPdfSectionTitle","Download a PDF copy of the claim"
"src/main/assets/locales/cy/viewTheClaim.json","claimPdfLabel","Claim (PDF)"
"src/main/assets/locales/cy/viewTheClaim.json","documentsHelpSummary","If you cannot find a document that you are looking for in this section"
"src/main/assets/locales/cy/viewTheClaim.json","documentsHelpText","All documents uploaded by you or the claimant are on the Documents page."
"src/main/assets/locales/cy/viewTheClaim.json","documentsHelpTextBeforeLink","All documents uploaded by you or the claimant are on the"
"src/main/assets/locales/cy/viewTheClaim.json","documentsHelpLinkText","Documents page"
"src/main/assets/locales/cy/viewTheClaim.json","personsUnknown","Persons unknown"
"src/main/assets/locales/cy/viewTheClaim.json","addressUnknown","Address unknown"
"src/main/assets/locales/cy/viewTheClaim.json","statementOfTruthBody","I believe the facts stated in this claim form are true. I understand that proceedings for contempt of court may be brought against anyone who makes, or causes to be made, a false statement in a document verified by a statement of truth without an honest belief in its truth."
"src/main/assets/locales/cy/viewTheClaim.json","sections.claimantDetails","Claimant details"
"src/main/assets/locales/cy/viewTheClaim.json","sections.defendantDetails","Defendant 1 details"
"src/main/assets/locales/cy/viewTheClaim.json","sections.additionalDefendantDetails","Additional defendant {{number}} details"
"src/main/assets/locales/cy/viewTheClaim.json","sections.claimDetails","Claim details"
"src/main/assets/locales/cy/viewTheClaim.json","sections.asb","Alleged antisocial behaviour and illegal or prohibited conduct"
"src/main/assets/locales/cy/viewTheClaim.json","sections.rentArrears","Details of rent arrears"
"src/main/assets/locales/cy/viewTheClaim.json","sections.actionTaken","Action already taken by the claimant"
"src/main/assets/locales/cy/viewTheClaim.json","sections.tenancyDetails","Tenancy, occupation contract or licence details"
"src/main/assets/locales/cy/viewTheClaim.json","sections.claimantCircumstances","Claimant circumstances"
"src/main/assets/locales/cy/viewTheClaim.json","sections.defendantCircumstances","Defendants’ circumstances"
"src/main/assets/locales/cy/viewTheClaim.json","sections.underlesseeTriage","Underlessees or mortgagees entitled to claim relief against forfeiture"
"src/main/assets/locales/cy/viewTheClaim.json","sections.underlesseeDetails","Underlessee or mortgagee 1 details"
"src/main/assets/locales/cy/viewTheClaim.json","sections.additionalUnderlesseeDetails","Additional underlessee or mortgagee {{number}} details"
"src/main/assets/locales/cy/viewTheClaim.json","sections.demotion","Demotion of tenancy"
"src/main/assets/locales/cy/viewTheClaim.json","sections.suspension","Suspension of right to buy"
"src/main/assets/locales/cy/viewTheClaim.json","sections.prohibitedConduct","Prohibited conduct standard contract"
"src/main/assets/locales/cy/viewTheClaim.json","sections.requiredDocuments","Required documents"
"src/main/assets/locales/cy/viewTheClaim.json","labels.claimantName","Name"
"src/main/assets/locales/cy/viewTheClaim.json","labels.addressForService","Address for service"
"src/main/assets/locales/cy/viewTheClaim.json","labels.isExemptLandlord","Is the claimant an exempt landlord under Part 1 of the Housing (Wales) Act 2014?"
"src/main/assets/locales/cy/viewTheClaim.json","labels.defendantName","Name"
"src/main/assets/locales/cy/viewTheClaim.json","labels.defendantNameKnown","Additional defendant’s name known?"
"src/main/assets/locales/cy/viewTheClaim.json","labels.defendantAddressKnown","Additional defendant’s address for service known?"
"src/main/assets/locales/cy/viewTheClaim.json","labels.claimantType","Claimant type"
"src/main/assets/locales/cy/viewTheClaim.json","labels.trespassClaim","Is your claim a trespass claim?"
"src/main/assets/locales/cy/viewTheClaim.json","labels.propertyAddress","Address of the property the claimant is seeking possession of"
"src/main/assets/locales/cy/viewTheClaim.json","labels.hasGrounds","Does the claimant have grounds for possession?"
"src/main/assets/locales/cy/viewTheClaim.json","labels.groundsForPossession","Grounds for possession"
"src/main/assets/locales/cy/viewTheClaim.json","labels.descriptionOfGrounds","Description of grounds"
"src/main/assets/locales/cy/viewTheClaim.json","labels.reasonForGround","Reason for claiming possession under ground {{ground}}"
"src/main/assets/locales/cy/viewTheClaim.json","labels.whyClaimingPossession","Why is the claimant claiming possession?"
"src/main/assets/locales/cy/viewTheClaim.json","labels.otherInfoAboutReasons","Is there any other information the claimant wants to provide about their reasons for possession?"
"src/main/assets/locales/cy/viewTheClaim.json","labels.additionalReasons","Additional reasons for possession"
"src/main/assets/locales/cy/viewTheClaim.json","labels.isASB","Is it alleged that there is actual or threatened antisocial behaviour?"
"src/main/assets/locales/cy/viewTheClaim.json","labels.asbDetails","Details of alleged actual or threatened antisocial behaviour"
"src/main/assets/locales/cy/viewTheClaim.json","labels.isIllegalPurposes","Is it alleged that there is actual or threatened use of the premises for illegal purposes?"
"src/main/assets/locales/cy/viewTheClaim.json","labels.illegalPurposesDetails","Details of alleged actual or threatened use of the premises for illegal purposes"
"src/main/assets/locales/cy/viewTheClaim.json","labels.isOtherProhibitedConduct","Is it alleged that there has been other prohibited conduct?"
"src/main/assets/locales/cy/viewTheClaim.json","labels.otherProhibitedConductDetails","Details of other alleged prohibited conduct"
"src/main/assets/locales/cy/viewTheClaim.json","labels.rentAmount","Rent amount"
"src/main/assets/locales/cy/viewTheClaim.json","labels.howIsRentCalculated","How is rent calculated?"
"src/main/assets/locales/cy/viewTheClaim.json","labels.totalRentArrears","Total rent arrears at time of issue"
"src/main/assets/locales/cy/viewTheClaim.json","labels.previousSteps","Have there been previous steps taken to recover rent arrears?"
"src/main/assets/locales/cy/viewTheClaim.json","labels.previousStepsDetails","Details of previous steps taken to recover rent arrears"
"src/main/assets/locales/cy/viewTheClaim.json","labels.judgmentRequested","Judgment requested for the outstanding arrears?"
"src/main/assets/locales/cy/viewTheClaim.json","labels.preActionProtocol","Has the pre-action protocol been followed?"
"src/main/assets/locales/cy/viewTheClaim.json","labels.preActionProtocolReason","Why has the pre-action protocol not been followed?"
"src/main/assets/locales/cy/viewTheClaim.json","labels.mediationAttempted","Has mediation been attempted?"
"src/main/assets/locales/cy/viewTheClaim.json","labels.settlementAttempted","Has a settlement tried to be reached?"
"src/main/assets/locales/cy/viewTheClaim.json","labels.noticeServed","Has notice been served?"
"src/main/assets/locales/cy/viewTheClaim.json","labels.noticeNotServedReason","Statement of why notice has not been served"
"src/main/assets/locales/cy/viewTheClaim.json","labels.noticeType","Notice type"
"src/main/assets/locales/cy/viewTheClaim.json","labels.noticeServiceMethod","Method of service"
"src/main/assets/locales/cy/viewTheClaim.json","labels.noticeDate","Date notice was served"
"src/main/assets/locales/cy/viewTheClaim.json","labels.noticeTime","Time notice was served"
"src/main/assets/locales/cy/viewTheClaim.json","labels.noticePersonName","Name of person the notice was left with"
"src/main/assets/locales/cy/viewTheClaim.json","labels.noticeEmailAddress","Email address the notice was served to"
"src/main/assets/locales/cy/viewTheClaim.json","labels.noticeOtherElectronic","Details of how the notice was served by other electronic method"
"src/main/assets/locales/cy/viewTheClaim.json","labels.noticeOtherMeans","Details of how the notice was served by other means"
"src/main/assets/locales/cy/viewTheClaim.json","labels.canUploadNotice","Can the claimant upload a copy of the notice served?"
"src/main/assets/locales/cy/viewTheClaim.json","labels.cannotUploadNoticeReason","Why can the claimant not upload a copy of the notice served?"
"src/main/assets/locales/cy/viewTheClaim.json","labels.tenancyType","What type of tenancy, occupation contract or licence is in place, or was in place?"
"src/main/assets/locales/cy/viewTheClaim.json","labels.tenancyCopy","Does the claimant have a copy of the tenancy, occupation contract or licence agreement?"
"src/main/assets/locales/cy/viewTheClaim.json","labels.tenancyNoCopyReason","Why does the claimant not have a copy of the tenancy, occupation contract or licence agreement?"
"src/main/assets/locales/cy/viewTheClaim.json","labels.claimantCircumstancesQuestion","Is there any information the claimant wants to provide about their circumstances?"
"src/main/assets/locales/cy/viewTheClaim.json","labels.claimantCircumstancesDetails","Details of claimant circumstances"
"src/main/assets/locales/cy/viewTheClaim.json","labels.defendantCircumstancesQuestion","Is there any information the claimant is required to provide, or wants to provide about the defendants’ circumstances?"
"src/main/assets/locales/cy/viewTheClaim.json","labels.defendantCircumstancesDetails","Details of defendants’ circumstances"
"src/main/assets/locales/cy/viewTheClaim.json","labels.underlesseeName","Name"
"src/main/assets/locales/cy/viewTheClaim.json","labels.underlesseeAddress","Address for service"
"src/main/assets/locales/cy/viewTheClaim.json","labels.demotionQuestion","In the alternative to possession, is the claimant asking the court to order demotion of tenancy?"
"src/main/assets/locales/cy/viewTheClaim.json","labels.demotionHousingAct","Which section of the Housing Act is the demotion of tenancy claim made under?"
"src/main/assets/locales/cy/viewTheClaim.json","labels.demotionStatement","Has the claimant served a statement of express terms on the defendants which will apply to the demoted tenancy?"
"src/main/assets/locales/cy/viewTheClaim.json","labels.demotionDetails","Details of terms"
"src/main/assets/locales/cy/viewTheClaim.json","labels.demotionReason","Reasons for requesting demotion of tenancy"
"src/main/assets/locales/cy/viewTheClaim.json","labels.suspensionQuestion","In the alternative to possession, is the claimant asking the court to order suspension of right to buy?"
"src/main/assets/locales/cy/viewTheClaim.json","labels.suspensionReason","Reasons for requesting a suspension of right to buy"
"src/main/assets/locales/cy/viewTheClaim.json","labels.prohibitedConductQuestion","Is the claimant seeking an order imposing a prohibited standard contract?"
"src/main/assets/locales/cy/viewTheClaim.json","labels.prohibitedConductAgreement","Has the claimant and the contract holder agreed terms of the periodic standard contract in addition to those incorporated by statute?"
"src/main/assets/locales/cy/viewTheClaim.json","labels.prohibitedConductDetails","Details of terms"
"src/main/assets/locales/cy/viewTheClaim.json","labels.prohibitedConductReason","Why is the claimant making this claim?"
"src/main/assets/locales/cy/viewTheClaim.json","labels.epcQuestion","Can the claimant upload a copy of the energy performance certificate?"
"src/main/assets/locales/cy/viewTheClaim.json","labels.epcReason","Why can the claimant not upload a copy of the energy performance certificate?"
"src/main/assets/locales/cy/viewTheClaim.json","labels.gasQuestion","Can the claimant upload a copy of the current gas safety report?"
"src/main/assets/locales/cy/viewTheClaim.json","labels.gasReason","Why can the claimant not upload a copy of the current gas safety report?"
"src/main/assets/locales/cy/viewTheClaim.json","labels.eicrQuestion","Can the claimant upload a copy of the current Electrical Installation Condition Report (EICR)?"
"src/main/assets/locales/cy/viewTheClaim.json","labels.eicrReason","Why can the claimant not upload a copy of the current Electrical Installation Condition Report (EICR)?"
"src/main/assets/locales/cy/viewTheClaim.json","labels.noticeDocument","Notice"
"src/main/assets/locales/cy/viewTheClaim.json","labels.epcDocument","Energy performance certificate"
"src/main/assets/locales/cy/viewTheClaim.json","labels.gasDocument","Current gas safety report"
"src/main/assets/locales/cy/viewTheClaim.json","labels.eicrDocument","Electrical Installation Condition Report (EICR)"
"src/main/assets/locales/cy/viewTheClaim.json","labels.absoluteGrounds","Absolute grounds"
"src/main/assets/locales/cy/viewTheClaim.json","labels.antiSocialBehaviourGround","Antisocial behaviour"
"src/main/assets/locales/cy/viewTheClaim.json","labels.antiSocialGround","Antisocial behaviour"
"src/main/assets/locales/cy/viewTheClaim.json","labels.breachOfTheTenancyGround","Breach of the tenancy"
"src/main/assets/locales/cy/viewTheClaim.json","labels.breachOfTenancyGround","Breach of the tenancy (ground 1)"
"src/main/assets/locales/cy/viewTheClaim.json","labels.breachOfTenancyConditionsReason","Breach of tenancy conditions (ground 12)"
"src/main/assets/locales/cy/viewTheClaim.json","labels.domesticViolenceGround","Domestic violence (ground 2A)"
"src/main/assets/locales/cy/viewTheClaim.json","labels.domesticViolenceReason","Domestic violence (ground 14A)"
"src/main/assets/locales/cy/viewTheClaim.json","labels.ownerOccupierReason","Owner occupier (ground 1)"
"src/main/assets/locales/cy/viewTheClaim.json","labels.studentLetReason","Student let (ground 4)"
"src/main/assets/locales/cy/viewTheClaim.json","labels.suitableAltAccommodationReason","Suitable alternative accommodation (ground 9)"
"src/main/assets/locales/cy/viewTheClaim.json","labels.assuredNoArrearsReasonsAntisocialBehaviour","Antisocial behaviour (ground 7A)"
"src/main/assets/locales/cy/viewTheClaim.json","labels.assuredNoArrearsReasonsBreachOfTenancyConditions","Breach of tenancy conditions (ground 12)"
"src/main/assets/locales/cy/viewTheClaim.json","labels.assuredNoArrearsReasonsDeathOfTenant","Death of the tenant (ground 7)"
"src/main/assets/locales/cy/viewTheClaim.json","labels.assuredNoArrearsReasonsDomesticViolence","Domestic violence (ground 14A)"
"src/main/assets/locales/cy/viewTheClaim.json","labels.assuredNoArrearsReasonsFalseStatement","Tenancy obtained by false statement (ground 17)"
"src/main/assets/locales/cy/viewTheClaim.json","labels.assuredNoArrearsReasonsFurnitureDeterioration","Deterioration of furniture (ground 15)"
"src/main/assets/locales/cy/viewTheClaim.json","labels.assuredNoArrearsReasonsHolidayLet","Holiday let (ground 3)"
"src/main/assets/locales/cy/viewTheClaim.json","labels.assuredNoArrearsReasonsLandlordEmployee","Employee of the landlord (ground 16)"
"src/main/assets/locales/cy/viewTheClaim.json","labels.assuredNoArrearsReasonsMinisterOfReligion","Property required for minister of religion (ground 5)"
"src/main/assets/locales/cy/viewTheClaim.json","labels.assuredNoArrearsReasonsNoRightToRent","Tenant does not have a right to rent (ground 7B)"
"src/main/assets/locales/cy/viewTheClaim.json","labels.assuredNoArrearsReasonsNuisanceOrIllegalUse","Nuisance, annoyance, illegal or immoral use of the property (ground 14)"
"src/main/assets/locales/cy/viewTheClaim.json","labels.assuredNoArrearsReasonsOffenceDuringRiot","Offence during a riot (ground 14ZA)"
"src/main/assets/locales/cy/viewTheClaim.json","labels.assuredNoArrearsReasonsOwnerOccupier","Owner occupier (ground 1)"
"src/main/assets/locales/cy/viewTheClaim.json","labels.assuredNoArrearsReasonsPropertyDeterioration","Deterioration in the condition of the property (ground 13)"
"src/main/assets/locales/cy/viewTheClaim.json","labels.assuredNoArrearsReasonsRedevelopment","Property required for redevelopment (ground 6)"
"src/main/assets/locales/cy/viewTheClaim.json","labels.assuredNoArrearsReasonsRepossessionByLender","Repossession by the landlord's mortgage lender (ground 2)"
"src/main/assets/locales/cy/viewTheClaim.json","labels.assuredNoArrearsReasonsStudentLet","Student let (ground 4)"
"src/main/assets/locales/cy/viewTheClaim.json","labels.assuredNoArrearsReasonsSuitableAlternativeAccomodation","Suitable alternative accommodation (ground 9)"
"src/main/assets/locales/cy/viewTheClaim.json","labels.walesFailToGiveUpS170Reason","Failure to give up possession on date specified in contract-holder's notice (section 170)"
"src/main/assets/locales/cy/viewTheClaim.json","labels.walesFailToGiveUpBreakNoticeS191Reason","Failure to give up possession on date specified in contract-holder's break clause notice (section 191)"
"src/main/assets/locales/cy/viewTheClaim.json","labels.walesLandlordNoticeFtEndS186Reason","Landlord's notice in connection with end of fixed term given (section 186)"
"src/main/assets/locales/cy/viewTheClaim.json","labels.walesLandlordBreakClauseS199Reason","Notice given under a landlord's break clause (section 199)"
"src/main/assets/locales/cy/viewTheClaim.json","labels.walesOtherBreachSection157Reason","Other breach of contract (section 157)"
"src/main/assets/locales/cy/viewTheClaim.json","labels.walesSecureFailureToGiveUpPossessionSection170Reason","Failure to give up possession on date specified in contract-holder's notice (section 170)"
"src/main/assets/locales/cy/viewTheClaim.json","labels.walesSecureFailureToGiveUpPossessionSection191Reason","Failure to give up possession on date specified in contract-holder's break clause notice (section 191)"
"src/main/assets/locales/cy/viewTheClaim.json","labels.walesSecureLandlordNoticeSection186Reason","Landlord's notice in connection with end of fixed term given (section 186)"
"src/main/assets/locales/cy/viewTheClaim.json","labels.walesSecureLandlordNoticeSection199Reason","Notice given under a landlord's break clause (section 199)"
"src/main/assets/locales/cy/viewTheClaim.json","labels.walesSecureOtherBreachOfContractReason","Other breach of contract (section 157)"
"src/main/assets/locales/cy/viewTheResponse.json","caption","The response"
"src/main/assets/locales/cy/viewTheResponse.json","propertyAddressLabel","Property address:"
"src/main/assets/locales/cy/viewTheResponse.json","summary.dateIssued","Date issued"
"src/main/assets/locales/cy/viewTheResponse.json","summary.dateSubmitted","Date submitted"
"src/main/assets/locales/cy/viewTheResponse.json","sections.claimantDetails","Claimant details"
"src/main/assets/locales/cy/viewTheResponse.json","sections.defendant1Details","Defendant 1 details"
"src/main/assets/locales/cy/viewTheResponse.json","sections.additionalDefendantDetails","Additional defendant {{number}} details"
"src/main/assets/locales/cy/viewTheResponse.json","sections.responseToClaim","Response to the claimant’s claim"
"src/main/assets/locales/cy/viewTheResponse.json","sections.additionalInformation","Additional information"
"src/main/assets/locales/cy/viewTheResponse.json","claimantDetails.organisation","Claimant organisation"
"src/main/assets/locales/cy/viewTheResponse.json","claimantDetails.name","Name"
"src/main/assets/locales/cy/viewTheResponse.json","claimantDetails.address","Address for service"
"src/main/assets/locales/cy/viewTheResponse.json","defendant.name","Name"
"src/main/assets/locales/cy/viewTheResponse.json","defendant.phone","Phone number"
"src/main/assets/locales/cy/viewTheResponse.json","defendant.address","Postal address"
"src/main/assets/locales/cy/viewTheResponse.json","defendant.contactPreferences","Contact preferences"
"src/main/assets/locales/cy/viewTheResponse.json","contactPreference.text","Text message"
"src/main/assets/locales/cy/viewTheResponse.json","contactPreference.phone","Phone"
"src/main/assets/locales/cy/viewTheResponse.json","contactPreference.post","Post"
"src/main/assets/locales/cy/viewTheResponse.json","responseToClaim.disputeClaim","Do you dispute any other parts of the claim?"
"src/main/assets/locales/cy/viewTheResponse.json","responseToClaim.disputeDetails","Explain which parts of the claim you dispute"
"src/main/assets/locales/cy/viewTheResponse.json","responseToClaim.claimGrounds","Claim grounds"
"src/main/assets/locales/cy/viewTheResponse.json","responseToClaim.exemptLandlord","Is your landlord an exempt landlord under Part 1 of the Housing (Wales) Act 2014?"
"src/main/assets/locales/cy/viewTheResponse.json","responseToClaim.tenancyTypeConfirmation","Is the tenancy, occupation contract or licence agreement type given by the claimant correct?"
"src/main/assets/locales/cy/viewTheResponse.json","responseToClaim.tenancyType","Corrected tenancy, occupation contract or licence agreement type"
"src/main/assets/locales/cy/viewTheResponse.json","responseToClaim.tenancyStartDateConfirmation","Is the tenancy, occupation contract or licence agreement start date given by the claimant correct?"
"src/main/assets/locales/cy/viewTheResponse.json","responseToClaim.tenancyStartDate","Corrected tenancy, occupation contract or licence agreement start date"
"src/main/assets/locales/cy/viewTheResponse.json","responseToClaim.possessionNoticeReceived","Did the claimant give you notice of their intention to begin possession proceedings?"
"src/main/assets/locales/cy/viewTheResponse.json","responseToClaim.noticeReceivedDate","When did you receive notice from the claimant?"
"src/main/assets/locales/cy/viewTheResponse.json","responseToClaim.rentArrearsAmountConfirmation","Is the amount of rent arrears given by the claimant correct?"
"src/main/assets/locales/cy/viewTheResponse.json","responseToClaim.rentArrearsAmount","Admitted amount owed in rent arrears"
"src/main/assets/locales/cy/viewTheResponse.json","payments.paymentDetails","Details of payments made"
"src/main/assets/locales/cy/viewTheResponse.json","payments.repaymentAgreedDetails","Details of repayment agreement"
"src/main/assets/locales/cy/viewTheResponse.json","household.dependantChildrenDetails","Details of dependent children"
"src/main/assets/locales/cy/viewTheResponse.json","household.otherDependantDetails","Details of other dependants"
"src/main/assets/locales/cy/viewTheResponse.json","household.otherTenantsDetails","Details of other adults living in your home?"
"src/main/assets/locales/cy/viewTheResponse.json","household.alternativeAccommodationDate","When would you be able to move in?"
"src/main/assets/locales/cy/viewTheResponse.json","household.additionalDetails","Details about your circumstances"
"src/main/assets/locales/cy/viewTheResponse.json","household.exceptionalHardshipDetails","Details about the exceptional hardship you’d experience"
"src/main/assets/locales/cy/viewTheResponse.json","income.receivedEvery","Received every"
"src/main/assets/locales/cy/viewTheResponse.json","debts.paidEvery","Paid every"
"src/main/assets/locales/cy/viewTheResponse.json","expenses.paidEvery","Paid every"
"src/main/assets/locales/cy/viewTheResponse.json","additional.otherConsiderationsDetails","Details of what else you want to tell the court"
"src/main/assets/locales/cy/viewTheResponse.json","counterclaim.againstName","What is the name of the person or organisation you are making the counterclaim against?"
"src/main/assets/locales/cy/viewTheResponse.json","counterclaim.againstAddress","What's their postal address?"
"src/main/assets/locales/cy/viewTheResponse.json","counterclaim.hwfReference","Help with Fees reference number"
"src/main/assets/locales/cy/viewTheResponse.json","incomeFrequencies.WEEKLY","received every week"
"src/main/assets/locales/cy/viewTheResponse.json","incomeFrequencies.MONTHLY","received every month"
"src/main/assets/locales/cy/viewTheResponse.json","paymentFrequencies.WEEKLY","paid every week"
"src/main/assets/locales/cy/viewTheResponse.json","paymentFrequencies.MONTHLY","paid every month"
"src/main/assets/locales/cy/viewTheResponse.json","statementOfTruth.body","I believe the facts stated in this defence form are true. I understand that proceedings for contempt of court may be brought against anyone who makes, or causes to be made, a false statement in a document verified by a statement of truth without an honest belief in the truth."
"src/main/assets/locales/cy/viewTheResponse.json","pdf.heading","Download a PDF copy of the response"
"src/main/assets/locales/cy/viewTheResponse.json","pdf.linkText","Response (PDF)"
"src/main/assets/locales/cy/viewTheResponse.json","accordion.summary","If you cannot find a document that you are looking for in this section"
"src/main/assets/locales/cy/viewTheResponse.json","accordion.body","All documents uploaded by you or the claimant are on the"
"src/main/assets/locales/cy/viewTheResponse.json","accordion.linkText","Documents page"
"src/main/assets/locales/cy/viewTheResponse.json","personsUnknown","Persons unknown"
"src/main/assets/locales/cy/viewTheResponse.json","addressUnknown","Address unknown"
