"File","Key","English","Welsh","Status"
"accessCode.json","errors.respondToClaimUnavailable","The option to respond to a claim is not available at the moment.","","NEEDS TRANSLATION"
"claimList.json","pageTitle","Your Possession Claims account","","NEEDS TRANSLATION"
"claimList.json","heading","Your Possession Claims account","","NEEDS TRANSLATION"
"claimList.json","accessYourCase","If a claim you want to view is not listed below, you must first <a href=""/access-your-case"" class=""govuk-link"" target=""_blank"" rel=""noreferrer noopener"">provide some details to access it (opens in new tab)</a>.","","NEEDS TRANSLATION"
"claimList.json","claimsMadeAgainstYou","Claims made against you","","NEEDS TRANSLATION"
"claimList.json","table.claimNumber","Claim number","","NEEDS TRANSLATION"
"claimList.json","table.claimantsName","Claimant’s name","","NEEDS TRANSLATION"
"claimList.json","table.propertyPostcode","Property postcode","","NEEDS TRANSLATION"
"claimList.json","table.actions","Actions","","NEEDS TRANSLATION"
"claimList.json","table.viewClaim","View claim","","NEEDS TRANSLATION"
"claimList.json","noClaimsFound","There are no claims against you.","","NEEDS TRANSLATION"
"common.json","errors.documentUpload.fileTooLargeDocStore","File you have uploaded is too big. Document files must be less than {{maxSize}}.","","NEEDS TRANSLATION"
"common.json","errors.documentUpload.fileTooLargeMedia","File you have uploaded is too big. Image files must be smaller than {{maxSize}}.","","NEEDS TRANSLATION"
"common.json","errors.documentUpload.fileTotalTooLargeDocStore","The selected files must be smaller than {{maxSize}}. Delete one or more files or reduce the file sizes.","","NEEDS TRANSLATION"
"common.json","errors.documentUpload.filenameTooLong","The file name must be {{maxLength}} characters or fewer","","NEEDS TRANSLATION"
"common.json","errors.documentUpload.uploadFailed","The selected file could not be uploaded – try again","","NEEDS TRANSLATION"
"common.json","errorPages.pageNotFound.paragraph8","<a class=""govuk-link"" href=""https://www.gov.uk/call-charges"" target=""_blank"" rel=""noopener noreferrer"">Find out about call charges (opens in new tab)</a>.","","NEEDS TRANSLATION"
"common.json","errorPages.serviceUnavailable.paragraph7","<a class=""govuk-link"" href=""https://www.gov.uk/call-charges"" target=""_blank"" rel=""noopener noreferrer"">Find out about call charges (opens in new tab)</a>.","","NEEDS TRANSLATION"
"common.json","errorPages.technicalError.paragraph8","<a class=""govuk-link"" href=""https://www.gov.uk/call-charges"" target=""_blank"" rel=""noopener noreferrer"">Find out about call charges (opens in new tab)</a>.","","NEEDS TRANSLATION"
"common.json","errorPages.accessDenied.paragraph6","<a class=""govuk-link"" href=""https://www.gov.uk/call-charges"" target=""_blank"" rel=""noopener noreferrer"">Find out about call charges (opens in new tab)</a>.","","NEEDS TRANSLATION"
"makeAnApplication/applicationSubmitted.json","paymentBeingProcessed","Payment being processed","","NEEDS TRANSLATION"
"makeAnApplication/applicationSubmitted.json","adjournRequestReceived","We have received your request to adjourn (delay) the court hearing.","","NEEDS TRANSLATION"
"makeAnApplication/applicationSubmitted.json","setAsideRequestReceived","We have received your request to set aside (cancel) the order.","","NEEDS TRANSLATION"
"makeAnApplication/applicationSubmitted.json","somethingElseRequestReceived","We have received your request to ask the court to make an order.","","NEEDS TRANSLATION"
"makeAnApplication/applicationSubmitted.json","youDoNotNeedToDoAnythingElse","You do not need to do anything else. We will send your application to the judge and we will contact you again when they have made a decision.","","NEEDS TRANSLATION"
"makeAnApplication/applicationSubmitted.json","giveFeedbackAboutThisService","Give feedback about this service","","NEEDS TRANSLATION"
"makeAnApplication/payForYourApplication.json","pageTitle","Pay for your application","","NEEDS TRANSLATION"
"makeAnApplication/payForYourApplication.json","heading","Pay for your application","","NEEDS TRANSLATION"
"makeAnApplication/payForYourApplication.json","applicationFee","Application fee:","","NEEDS TRANSLATION"
"makeAnApplication/payForYourApplication.json","youWillBeRedirected","You will be redirected to GOV.UK Pay to complete your payment securely.","","NEEDS TRANSLATION"
"makeAnApplication/payForYourApplication.json","govPayIsASecureService","GOV.UK Pay is a secure payment service used by government services.","","NEEDS TRANSLATION"
"makeAnApplication/paymentUnsuccessful.json","pageTitle","Payment unsuccessful","","NEEDS TRANSLATION"
"makeAnApplication/paymentUnsuccessful.json","yourPaymentWasUnsuccessful","Your payment was unsuccessful","","NEEDS TRANSLATION"
"makeAnApplication/paymentUnsuccessful.json","youCanTryToMakeACardPayment","You can try to <a href=""{{ payForYourApplicationUrl }}"" class=""govuk-link"">make a card payment</a> again.","","NEEDS TRANSLATION"
"makeAnApplication/whatOrderDoYouWantTheCourtToMakeAndWhy.json","list.SOMETHING_ELSE.0","why you want to add someone to your claim","","NEEDS TRANSLATION"
"makeAnApplication/whatOrderDoYouWantTheCourtToMakeAndWhy.json","list.SOMETHING_ELSE.1","why you should not be sanctioned (punished)","","NEEDS TRANSLATION"
"makeAnApplication/whatOrderDoYouWantTheCourtToMakeAndWhy.json","list.SOMETHING_ELSE.2","why you want to transfer to the High Court for enforcement","","NEEDS TRANSLATION"
"makeAnApplication/whatOrderDoYouWantTheCourtToMakeAndWhy.json","list.ADJOURN.0","you are unable to attend the hearing due a pre-existing medical appointment","","NEEDS TRANSLATION"
"makeAnApplication/whatOrderDoYouWantTheCourtToMakeAndWhy.json","list.ADJOURN.1","you are attending a funeral","","NEEDS TRANSLATION"
"respondToClaim/checkYourAnswersDocuments.json","cardTitle","Upload files","","NEEDS TRANSLATION"
"respondToClaim/checkYourAnswersDocuments.json","rows.uploadedDocuments.label","Uploaded files","","NEEDS TRANSLATION"
"respondToClaim/checkYourAnswersDocuments.json","rows.uploadedDocuments.changeHidden","uploaded files","","NEEDS TRANSLATION"
"respondToClaim/checkYourAnswersIncomeAndExpenses.json","frequencies.WEEKLY","every week","","NEEDS TRANSLATION"
"respondToClaim/checkYourAnswersIncomeAndExpenses.json","frequencies.MONTHLY","every month","","NEEDS TRANSLATION"
"respondToClaim/checkYourAnswersIncomeAndExpenses.json","incomeFrequencies.WEEKLY","received every week","","NEEDS TRANSLATION"
"respondToClaim/checkYourAnswersIncomeAndExpenses.json","incomeFrequencies.MONTHLY","received every month","","NEEDS TRANSLATION"
"respondToClaim/checkYourAnswersIncomeAndExpenses.json","paymentFrequencies.WEEKLY","paid every week","","NEEDS TRANSLATION"
"respondToClaim/checkYourAnswersIncomeAndExpenses.json","paymentFrequencies.MONTHLY","paid every month","","NEEDS TRANSLATION"
"respondToClaim/checkYourAnswersIncomeAndExpenses.json","rows.shareIncomeExpenseDetails.changeHidden","share income and expense details","","NEEDS TRANSLATION"
"respondToClaim/checkYourAnswersIncomeAndExpenses.json","rows.regularIncome.label","What regular income do you receive?","","NEEDS TRANSLATION"
"respondToClaim/checkYourAnswersIncomeAndExpenses.json","rows.hasAppliedForUniversalCredit.changeHidden","applied for Universal Credit","","NEEDS TRANSLATION"
"respondToClaim/checkYourAnswersIncomeAndExpenses.json","rows.universalCreditApplicationDate.label","When did you apply for Universal Credit?","","NEEDS TRANSLATION"
"respondToClaim/checkYourAnswersIncomeAndExpenses.json","rows.universalCreditApplicationDate.changeHidden","Universal Credit application date","","NEEDS TRANSLATION"
"respondToClaim/checkYourAnswersIncomeAndExpenses.json","rows.priorityDebtTotal.changeHidden","priority debt total","","NEEDS TRANSLATION"
"respondToClaim/checkYourAnswersIncomeAndExpenses.json","rows.priorityDebtContribution.changeHidden","priority debt contribution","","NEEDS TRANSLATION"
"respondToClaim/checkYourAnswersIncomeAndExpenses.json","rows.regularExpenses.label","What other regular expenses do you have?","","NEEDS TRANSLATION"
"respondToClaim/checkYourAnswersIncomeAndExpenses.json","rows.otherConsiderations.changeHidden","other considerations","","NEEDS TRANSLATION"
"respondToClaim/checkYourAnswersIncomeAndExpenses.json","rows.otherConsiderationsDetails.changeHidden","other considerations details","","NEEDS TRANSLATION"
"respondToClaim/checkYourAnswersPaymentsAndAgreements.json","cardTitle","Payments and agreements","","NEEDS TRANSLATION"
"respondToClaim/checkYourAnswersPaymentsAndAgreements.json","rows.paymentDetails.changeHidden","payment details","","NEEDS TRANSLATION"
"respondToClaim/checkYourAnswersPaymentsAndAgreements.json","rows.repaymentPlanAgreed.changeHidden","repayment agreement","","NEEDS TRANSLATION"
"respondToClaim/checkYourAnswersPaymentsAndAgreements.json","rows.repaymentAgreedDetails.changeHidden","repayment details","","NEEDS TRANSLATION"
"respondToClaim/checkYourAnswersPaymentsAndAgreements.json","rows.repayArrearsInstalments.changeHidden","offer to pay in instalments","","NEEDS TRANSLATION"
"respondToClaim/checkYourAnswersPaymentsAndAgreements.json","rows.installmentAmount.changeHidden","instalment amount","","NEEDS TRANSLATION"
"respondToClaim/checkYourAnswersPaymentsAndAgreements.json","rows.installmentFrequency.changeHidden","instalment frequency","","NEEDS TRANSLATION"
"respondToClaim/checkYourAnswersPersonalDetails.json","cardTitle","Personal details","","NEEDS TRANSLATION"
"respondToClaim/checkYourAnswersPersonalDetails.json","rows.defendantNameConfirmation.label","Is your name {{name}}?","","NEEDS TRANSLATION"
"respondToClaim/checkYourAnswersPersonalDetails.json","rows.defendantNameConfirmation.changeHidden","name","","NEEDS TRANSLATION"
"respondToClaim/checkYourAnswersPersonalDetails.json","rows.defendantName.label","Name","","NEEDS TRANSLATION"
"respondToClaim/checkYourAnswersPersonalDetails.json","rows.defendantName.changeHidden","corrected name","","NEEDS TRANSLATION"
"respondToClaim/checkYourAnswersPersonalDetails.json","rows.defendantNameCapture.changeHidden","name","","NEEDS TRANSLATION"
"respondToClaim/checkYourAnswersPersonalDetails.json","rows.dateOfBirth.label","What’s your date of birth?","","NEEDS TRANSLATION"
"respondToClaim/checkYourAnswersPersonalDetails.json","rows.correspondenceAddressConfirmation.label","Is your postal address {{address}}?","","NEEDS TRANSLATION"
"respondToClaim/checkYourAnswersPersonalDetails.json","rows.correspondenceAddressConfirmation.changeHidden","postal address","","NEEDS TRANSLATION"
"respondToClaim/checkYourAnswersPersonalDetails.json","rows.contactByEmailOrPost.changeHidden","how you receive updates","","NEEDS TRANSLATION"
"respondToClaim/checkYourAnswersPersonalDetails.json","rows.contactByEmailOrPost.options.none","None","","NEEDS TRANSLATION"
"respondToClaim/checkYourAnswersPersonalDetails.json","rows.contactByPhone.changeHidden","contact by phone","","NEEDS TRANSLATION"
"respondToClaim/checkYourAnswersPersonalDetails.json","rows.contactDetails.label","Contact details","","NEEDS TRANSLATION"
"respondToClaim/checkYourAnswersPersonalDetails.json","rows.contactDetails.changeHidden","contact details","","NEEDS TRANSLATION"
"respondToClaim/checkYourAnswersStartNowAndDetails.json","rows.hasSolicitor.changeHidden","do you have a solicitor","","NEEDS TRANSLATION"
"respondToClaim/checkYourAnswersYourCircumstances.json","rows.dependantChildrenDetails.changeHidden","dependent children details","","NEEDS TRANSLATION"
"respondToClaim/checkYourAnswersYourCircumstances.json","rows.otherDependantsDetails.changeHidden","other dependants details","","NEEDS TRANSLATION"
"respondToClaim/checkYourAnswersYourCircumstances.json","rows.otherTenants.changeHidden","other adults in your home","","NEEDS TRANSLATION"
"respondToClaim/checkYourAnswersYourCircumstances.json","rows.otherTenantsDetails.changeHidden","other adults details","","NEEDS TRANSLATION"
"respondToClaim/checkYourAnswersYourCircumstances.json","rows.alternativeAccommodation.changeHidden","alternative accommodation","","NEEDS TRANSLATION"
"respondToClaim/checkYourAnswersYourCircumstances.json","rows.alternativeAccommodationDate.label","When would you be able to move in?","","NEEDS TRANSLATION"
"respondToClaim/checkYourAnswersYourCircumstances.json","rows.alternativeAccommodationDate.changeHidden","alternative accommodation move-in date","","NEEDS TRANSLATION"
"respondToClaim/checkYourAnswersYourCircumstances.json","rows.shareAdditionalCircumstances.changeHidden","additional circumstances","","NEEDS TRANSLATION"
"respondToClaim/checkYourAnswersYourCircumstances.json","rows.shareAdditionalCircumstancesDetails.changeHidden","additional circumstances details","","NEEDS TRANSLATION"
"respondToClaim/checkYourAnswersYourCircumstances.json","rows.exceptionalHardshipDetails.changeHidden","exceptional hardship details","","NEEDS TRANSLATION"
"respondToClaim/checkYourAnswersYourResponse.json","cardTitle","Response","","NEEDS TRANSLATION"
"respondToClaim/checkYourAnswersYourResponse.json","rows.landlordRegistered.changeHidden","landlord registered","","NEEDS TRANSLATION"
"respondToClaim/checkYourAnswersYourResponse.json","rows.landlordLicensed.changeHidden","landlord licensed","","NEEDS TRANSLATION"
"respondToClaim/checkYourAnswersYourResponse.json","rows.tenancyTypeCorrect.changeHidden","tenancy type","","NEEDS TRANSLATION"
"respondToClaim/checkYourAnswersYourResponse.json","rows.tenancyTypeDetails.changeHidden","corrected tenancy type","","NEEDS TRANSLATION"
"respondToClaim/checkYourAnswersYourResponse.json","rows.tenancyStartDate.changeHidden","tenancy start date","","NEEDS TRANSLATION"
"respondToClaim/checkYourAnswersYourResponse.json","rows.tenancyStartDate.confirm.changeHidden","tenancy start date","","NEEDS TRANSLATION"
"respondToClaim/checkYourAnswersYourResponse.json","rows.tenancyStartDate.correctDate.label","What is the correct start date?","","NEEDS TRANSLATION"
"respondToClaim/checkYourAnswersYourResponse.json","rows.tenancyStartDate.correctDate.changeHidden","corrected tenancy start date","","NEEDS TRANSLATION"
"respondToClaim/checkYourAnswersYourResponse.json","rows.tenancyStartDate.labelEntered","When did your tenancy, occupation contract or licence start?","","NEEDS TRANSLATION"
"respondToClaim/checkYourAnswersYourResponse.json","rows.possessionNoticeReceived.changeHidden","notice received","","NEEDS TRANSLATION"
"respondToClaim/checkYourAnswersYourResponse.json","rows.noticeReceivedDate.label","When did you receive notice from {{claimantName}}?","","NEEDS TRANSLATION"
"respondToClaim/checkYourAnswersYourResponse.json","rows.noticeReceivedDate.changeHidden","notice received date","","NEEDS TRANSLATION"
"respondToClaim/checkYourAnswersYourResponse.json","rows.rentArrearsAmountConfirmation.changeHidden","rent arrears amount","","NEEDS TRANSLATION"
"respondToClaim/checkYourAnswersYourResponse.json","rows.rentArrearsAmountDetails.changeHidden","rent arrears amount details","","NEEDS TRANSLATION"
"respondToClaim/checkYourAnswersYourResponse.json","rows.disputeClaim.changeHidden","dispute other parts of the claim","","NEEDS TRANSLATION"
"respondToClaim/checkYourAnswersYourResponse.json","rows.disputeClaimDetails.changeHidden","dispute details","","NEEDS TRANSLATION"
"respondToClaim/checkYourAnswersYourResponse.json","rows.makeCounterClaim.changeHidden","make a counterclaim","","NEEDS TRANSLATION"
"respondToClaim/checkYourAnswersYourResponse.json","rows.counterClaimType.changeHidden","counterclaim type","","NEEDS TRANSLATION"
"respondToClaim/checkYourAnswersYourResponse.json","rows.isClaimAmountKnown.changeHidden","claim amount known","","NEEDS TRANSLATION"
"respondToClaim/checkYourAnswersYourResponse.json","rows.claimAmount.changeHidden","claim amount","","NEEDS TRANSLATION"
"respondToClaim/checkYourAnswersYourResponse.json","rows.estimatedMaxClaimAmount.changeHidden","estimated maximum claim amount","","NEEDS TRANSLATION"
"respondToClaim/checkYourAnswersYourResponse.json","rows.counterClaimNeedHelpWithFees.changeHidden","help paying the counterclaim fee","","NEEDS TRANSLATION"
"respondToClaim/checkYourAnswersYourResponse.json","rows.counterClaimAppliedForHwf.changeHidden","applied for help with fees","","NEEDS TRANSLATION"
"respondToClaim/checkYourAnswersYourResponse.json","rows.counterClaimHwfReference.changeHidden","Help with Fees reference number","","NEEDS TRANSLATION"
"respondToClaim/checkYourAnswersYourResponse.json","rows.counterClaimFor.changeHidden","counterclaim subject","","NEEDS TRANSLATION"
"respondToClaim/checkYourAnswersYourResponse.json","rows.counterClaimReasons.changeHidden","counterclaim reasons","","NEEDS TRANSLATION"
"respondToClaim/checkYourAnswersYourResponse.json","rows.counterClaimAgainst.changeHidden","counterclaim against","","NEEDS TRANSLATION"
"respondToClaim/checkYourAnswersYourResponse.json","rows.otherOrderRequestDetails.changeHidden","orders requested","","NEEDS TRANSLATION"
"respondToClaim/checkYourAnswersYourResponse.json","rows.otherOrderRequestFacts.changeHidden","facts for the court","","NEEDS TRANSLATION"
"respondToClaim/checkYourAnswersYourResponse.json","rows.counterClaimWantToUploadFiles.changeHidden","upload files for counterclaim","","NEEDS TRANSLATION"
"respondToClaim/checkYourAnswersYourResponse.json","rows.counterClaimDocuments.label","Uploaded files","","NEEDS TRANSLATION"
"respondToClaim/checkYourAnswersYourResponse.json","rows.counterClaimDocuments.changeHidden","uploaded files for counterclaim","","NEEDS TRANSLATION"
"respondToClaim/contactPreferencesEmailOrPost.json","content","<p class=""govuk-body"">Important documents like orders will always be sent by post.</p><p class=""govuk-body""> You can choose to receive updates about your case by post or email. For example, when a hearing has been scheduled or a document is ready to view online.</p>","","NEEDS TRANSLATION"
"respondToClaim/counterClaim.json","whatCounterClaimIsBullet1","a party in the case","","NEEDS TRANSLATION"
"respondToClaim/counterClaim.json","whatCounterClaimIsBullet2","against a party and someone else that can be considered as part of the same case","","NEEDS TRANSLATION"
"respondToClaim/counterClaim.json","whatCounterClaimIsLinkText","<a href=""https://england.shelter.org.uk/professional_resources/legal/possession_and_eviction/tenant_defences_to_possession/tenant_defence_and_counterclaim_process"" target=""_blank"" rel=""noopener noreferrer"" class=""govuk-link"">Read guidance on counterclaims from Shelter (opens in new tab)</a>.","","NEEDS TRANSLATION"
"respondToClaim/counterClaim.json","whenMakeCounterClaimBullet1","left the property in a state of disrepair","","NEEDS TRANSLATION"
"respondToClaim/counterClaim.json","whenMakeCounterClaimBullet2","did not protect your tenancy deposit","","NEEDS TRANSLATION"
"respondToClaim/counterClaim.json","counterClaimFeesCourtFeesLinkText","<a href=""https://www.gov.uk/government/publications/fees-in-the-civil-and-family-courts-main-fees-ex50/civil-court-fees-ex50"" target=""_blank"" rel=""noopener noreferrer"" class=""govuk-link"">Find out about court fees (opens in new tab)</a>.","","NEEDS TRANSLATION"
"respondToClaim/counterClaimApplicationFeeAmount.json","pageTitle","Pay your counterclaim fee","","NEEDS TRANSLATION"
"respondToClaim/counterClaimApplicationFeeAmount.json","notApplicable","Not applicable","","NEEDS TRANSLATION"
"respondToClaim/counterClaimApplicationFeeAmount.json","counterClaimAmountLabel","Counterclaim amount","","NEEDS TRANSLATION"
"respondToClaim/counterClaimApplicationFeeAmount.json","payNowButton","Pay your counterclaim fee ({{counterClaimFee, currency(currency: GBP)}})","","NEEDS TRANSLATION"
"respondToClaim/counterClaimApplicationFeeAmount.json","paymentError","We could not start your payment. Try again.","","NEEDS TRANSLATION"
"respondToClaim/counterClaimHaveYouAppliedForHelp.json","revealedHwfQuestionHint","<span class=""govuk-body govuk-!-display-block govuk-!-margin-bottom-1"">You will have received this number when you applied for Help with Fees. This reference must not have been used for a previous application.</span>For example, HWF-A1B-23C","","NEEDS TRANSLATION"
"respondToClaim/counterClaimPaymentSuccessful.json","pageTitle","Payment successful","","NEEDS TRANSLATION"
"respondToClaim/counterClaimPaymentSuccessful.json","paragraph1","Your counterclaim fee has been paid and your counterclaim has been submitted.","","NEEDS TRANSLATION"
"respondToClaim/counterClaimPaymentSuccessful.json","paymentReference","Your payment reference number is: {{paymentReference}}","","NEEDS TRANSLATION"
"respondToClaim/counterClaimSpecificSum.json","specificFeeText","<p class=""govuk-body"">Your counterclaim fee (the fee you will pay to make this counterclaim) depends on the amount you’re claiming for.</p><p class=""govuk-body"">If you want to check how much your fee will be, you can <a href=""https://www.gov.uk/government/publications/fees-in-the-civil-and-family-courts-main-fees-ex50/civil-court-fees-ex50"" class=""govuk-link"" target=""_blank"" rel=""noopener noreferrer"">estimate how much it will cost you to make your counterclaim (opens in new tab)</a></p>","","NEEDS TRANSLATION"
"respondToClaim/counterClaimSpecificSum.json","noSpecificFeeText","<p class=""govuk-body"">If you do not know the specific sum you’re claiming for, the court needs to know what you believe the maximum value of your claim will be.</p><p class=""govuk-body"">If you do not know the exact amount, give an estimate.</p>","","NEEDS TRANSLATION"
"respondToClaim/disputeClaimInterstitial.json","listItem1","the tenancy, occupation contract or licence agreement you signed to rent your property","","NEEDS TRANSLATION"
"respondToClaim/endOfJourneyCya.json","sections.legalAdvice","Legal advice","","NEEDS TRANSLATION"
"respondToClaim/endOfJourneyCya.json","sections.personalDetails","Personal details","","NEEDS TRANSLATION"
"respondToClaim/endOfJourneyCya.json","sections.dependantsAndOtherResidents","Dependants and other residents","","NEEDS TRANSLATION"
"respondToClaim/endOfJourneyCya.json","sections.uploadFiles","Upload files","","NEEDS TRANSLATION"
"respondToClaim/endOfJourneyCya.json","sections.otherConsiderations","Other considerations","","NEEDS TRANSLATION"
"respondToClaim/endOfJourneyCya.json","rows.uploadedDocuments.label","Upload any files that you think are relevant to your response","","NEEDS TRANSLATION"
"respondToClaim/endOfJourneyCya.json","rows.otherConsiderations.changeHidden","whether there is anything else you want to tell the court as part of your response","","NEEDS TRANSLATION"
"respondToClaim/endOfJourneyCya.json","rows.otherConsiderationsDetails.changeHidden","the details about what else you want to tell the court","","NEEDS TRANSLATION"
"respondToClaim/endOfJourneyCya.json","rows.languageUsed.changeHidden","which language you used to complete your response","","NEEDS TRANSLATION"
"respondToClaim/endOfJourneyCya.json","statementOfTruth.hint","Please check all the details you have entered for accuracy.","","NEEDS TRANSLATION"
"respondToClaim/endOfJourneyCya.json","statementOfTruth.beliefOption","I believe that the facts stated in this defence form are true.","","NEEDS TRANSLATION"
"respondToClaim/endOfJourneyCya.json","errors.statementOfTruthContempt","Select if you understand that proceedings for contempt of court may be brought against anyone who makes, or causes to be made, a false statement in a document verified by a statement of truth without an honest belief in its truth","","NEEDS TRANSLATION"
"respondToClaim/endOfJourneyCya.json","errors.statementOfTruthBelief","Select if you believe that the facts stated in this defence form are true","","NEEDS TRANSLATION"
"respondToClaim/endOfJourneyCya.json","errors.fullName","Enter your full name","","NEEDS TRANSLATION"
"respondToClaim/legalrep/confirmationOfNoticeDateWhenNotProvided.json","question","When did the defendant receive notice from {{claimantName}} (optional)?","","NEEDS TRANSLATION"
"respondToClaim/legalrep/confirmationOfNoticeDateWhenNotProvided.json","errors.date.notRealDate","The date the defendant received notice must be a real date","","NEEDS TRANSLATION"
"respondToClaim/legalrep/confirmationOfNoticeDateWhenNotProvided.json","errors.date.futureDate","The date the defendant received notice must either be today’s date or in the past","","NEEDS TRANSLATION"
"respondToClaim/legalrep/confirmationOfNoticeDateWhenNotProvided.json","errors.date.invalidValue","The date the defendant received notice must be a real date","","NEEDS TRANSLATION"
"respondToClaim/legalrep/confirmationOfNoticeDateWhenNotProvided.json","errors.date.missingOne","The date the defendant received notice must include a {{missingField}}","","NEEDS TRANSLATION"
"respondToClaim/legalrep/confirmationOfNoticeDateWhenNotProvided.json","errors.date.missingTwo","The date the defendant received notice must include a {{first}} and {{second}}","","NEEDS TRANSLATION"
"respondToClaim/legalrep/confirmationOfNoticeDateWhenProvided.json","hintText","When making the claim, {{claimantName}} had to say the date they gave the defendant notice (the date of service).","","NEEDS TRANSLATION"
"respondToClaim/legalrep/confirmationOfNoticeDateWhenProvided.json","listItem1","They served the defendant with a notice seeking possession on {{noticeDate}}","","NEEDS TRANSLATION"
"respondToClaim/legalrep/confirmationOfNoticeDateWhenProvided.json","question","When did the defendant receive notice from {{claimantName}} (optional)?","","NEEDS TRANSLATION"
"respondToClaim/legalrep/confirmationOfNoticeDateWhenProvided.json","errors.date.notRealDate","The date the defendant received notice must be a real date","","NEEDS TRANSLATION"
"respondToClaim/legalrep/confirmationOfNoticeDateWhenProvided.json","errors.date.futureDate","The date the defendant received notice must either be today’s date or in the past","","NEEDS TRANSLATION"
"respondToClaim/legalrep/confirmationOfNoticeDateWhenProvided.json","errors.date.invalidValue","The date the defendant received notice must be a real date","","NEEDS TRANSLATION"
"respondToClaim/legalrep/confirmationOfNoticeDateWhenProvided.json","errors.date.missingOne","The date the defendant received notice must include a {{missingField}}","","NEEDS TRANSLATION"
"respondToClaim/legalrep/confirmationOfNoticeDateWhenProvided.json","errors.date.missingTwo","The date defendant received notice must include a {{first}} and {{second}}","","NEEDS TRANSLATION"
"respondToClaim/legalrep/confirmationOfNoticeGiven.json","question","Did {{claimantName}} give the defendant notice of their intention to begin possession proceedings?","","NEEDS TRANSLATION"
"respondToClaim/legalrep/confirmationOfNoticeGiven.json","options.imNotSure","Defendant is not sure","","NEEDS TRANSLATION"
"respondToClaim/legalrep/confirmationOfNoticeGiven.json","noticeDateLabel","When did the defendant receive notice from {{claimantName}}? (Optional)","","NEEDS TRANSLATION"
"respondToClaim/legalrep/confirmationOfNoticeGiven.json","errors.possessionNoticeReceived","Select if {{claimantName}} gave the defendant notice of their intention to begin possession proceedings","","NEEDS TRANSLATION"
"respondToClaim/legalrep/confirmationOfNoticeGiven.json","errors.date.required","The date must include a day, month and year","","NEEDS TRANSLATION"
"respondToClaim/legalrep/confirmationOfNoticeGiven.json","errors.date.notRealDate","The date must be a real date","","NEEDS TRANSLATION"
"respondToClaim/legalrep/confirmationOfNoticeGiven.json","errors.date.futureDate","The date must be in the past","","NEEDS TRANSLATION"
"respondToClaim/legalrep/confirmationOfNoticeGiven.json","errors.date.missingOne","The date must include a {{missingField}}","","NEEDS TRANSLATION"
"respondToClaim/legalrep/confirmationOfNoticeGiven.json","errors.date.missingTwo","The date must include a {{first}} and {{second}}","","NEEDS TRANSLATION"
"respondToClaim/legalrep/doAnyOtherAdultsLiveInYourHome.json","dependantQuestion","Do any other adults live in the defendant’s home?","","NEEDS TRANSLATION"
"respondToClaim/legalrep/doAnyOtherAdultsLiveInYourHome.json","textAreaLabel","Give details about the other adults living in the defendant’s home","","NEEDS TRANSLATION"
"respondToClaim/legalrep/doAnyOtherAdultsLiveInYourHome.json","errors.confirmOtherAdults","Select if any other adults live in the defendant’s home","","NEEDS TRANSLATION"
"respondToClaim/legalrep/doAnyOtherAdultsLiveInYourHome.json","errors.otherAdultsDetails","Give details about the other adults living in their home","","NEEDS TRANSLATION"
"respondToClaim/legalrep/doAnyOtherAdultsLiveInYourHome.json","errors.otherAdultsDetailsInvalidCharacters","Give details about the other adults living in their home must only include letters a to z, and special characters such as hyphens, spaces and apostrophes","","NEEDS TRANSLATION"
"respondToClaim/legalrep/doYouHaveAnyDependantChildren.json","dependentQuestion","Does the defendant have any dependant children?","","NEEDS TRANSLATION"
"respondToClaim/legalrep/doYouHaveAnyDependantChildren.json","dependentChildrenDetailsLabel","Give details about their dependant children","","NEEDS TRANSLATION"
"respondToClaim/legalrep/doYouHaveAnyDependantChildren.json","errors.dependentChildren","Select if they have any dependant children","","NEEDS TRANSLATION"
"respondToClaim/legalrep/doYouHaveAnyDependantChildren.json","errors.dependentChildrenDetails","Give details about their dependant children","","NEEDS TRANSLATION"
"respondToClaim/legalrep/doYouHaveAnyOtherDependants.json","dependantQuestion","Does the defendant have any other dependants?","","NEEDS TRANSLATION"
"respondToClaim/legalrep/doYouHaveAnyOtherDependants.json","otherDependantDetailsLabel","Give details about their other dependants","","NEEDS TRANSLATION"
"respondToClaim/legalrep/doYouHaveAnyOtherDependants.json","errors.otherDependants","Select if they have any other dependants","","NEEDS TRANSLATION"
"respondToClaim/legalrep/doYouHaveAnyOtherDependants.json","errors.otherDependantDetails","Give details about their other dependants","","NEEDS TRANSLATION"
"respondToClaim/legalrep/exceptionalHardship.json","introParagraph1","You can use this section to explain any exceptional hardship the defendant may experience if they were asked to leave their home.","","NEEDS TRANSLATION"
"respondToClaim/legalrep/exceptionalHardship.json","introParagraph3","Any details the defendant provides will be considered by a judge when making their decision, but it is up to them to decide if exceptional hardship applies.","","NEEDS TRANSLATION"
"respondToClaim/legalrep/exceptionalHardship.json","forExample","For example, the defendant might have:","","NEEDS TRANSLATION"
"respondToClaim/legalrep/exceptionalHardship.json","bullet2","lost their job or been made redundant","","NEEDS TRANSLATION"
"respondToClaim/legalrep/exceptionalHardship.json","question","Would the defendant experience exceptional hardship if they were asked to leave their home?","","NEEDS TRANSLATION"
"respondToClaim/legalrep/exceptionalHardship.json","textAreaLabel","Give details about the exceptional hardship the defendant would experience","","NEEDS TRANSLATION"
"respondToClaim/legalrep/exceptionalHardship.json","errors.exceptionalHardship","Select if the defendant would experience exceptional hardship if they were asked to leave their home","","NEEDS TRANSLATION"
"respondToClaim/legalrep/exceptionalHardship.json","errors.exceptionalHardshipDetails","Give details about the exceptional hardship the defendant would experience","","NEEDS TRANSLATION"
"respondToClaim/legalrep/exceptionalHardship.json","errors.exceptionalHardshipDetailsInvalidCharacters","The details of the exceptional hardship the defendant would experience must only include letters a to z, and special characters such as hyphens, spaces and apostrophes","","NEEDS TRANSLATION"
"respondToClaim/legalrep/haveYouAppliedForUniversalCredit.json","question","Has the defendant applied for Universal Credit?","","NEEDS TRANSLATION"
"respondToClaim/legalrep/haveYouAppliedForUniversalCredit.json","dateLabel","When did the defendant apply?","","NEEDS TRANSLATION"
"respondToClaim/legalrep/haveYouAppliedForUniversalCredit.json","errors.haveAppliedForUniversalCredit","Select if the defendant has applied for Universal Credit","","NEEDS TRANSLATION"
"respondToClaim/legalrep/haveYouAppliedForUniversalCredit.json","errors.date.required","Enter the date the defendant applied for Universal Credit","","NEEDS TRANSLATION"
"respondToClaim/legalrep/haveYouAppliedForUniversalCredit.json","errors.date.missingOne","The date the defendant applied for Universal Credit must include a {{missingField}}","","NEEDS TRANSLATION"
"respondToClaim/legalrep/haveYouAppliedForUniversalCredit.json","errors.date.missingTwo","The date the defendant applied for Universal Credit must include a {{first}} and {{second}}","","NEEDS TRANSLATION"
"respondToClaim/legalrep/haveYouAppliedForUniversalCredit.json","errors.date.notRealDate","The date the defendant applied for Universal Credit must be a real date","","NEEDS TRANSLATION"
"respondToClaim/legalrep/haveYouAppliedForUniversalCredit.json","errors.date.futureDate","The date the defendant applied for Universal Credit must must either be today’s date or in the past","","NEEDS TRANSLATION"
"respondToClaim/legalrep/howMuchAffordToPay.json","amountQuestion","How much could the defendant afford to pay in addition to the current rent?","","NEEDS TRANSLATION"
"respondToClaim/legalrep/howMuchAffordToPay.json","frequencyQuestion","How frequently could the defendant afford to pay this amount?","","NEEDS TRANSLATION"
"respondToClaim/legalrep/howMuchAffordToPay.json","errors.installmentAmount","Enter how much the defendant could afford to pay in addition to the current rent","","NEEDS TRANSLATION"
"respondToClaim/legalrep/howMuchAffordToPay.json","errors.installmentAmountMax","The amount the defendant could afford to pay in addition to the current rent must be less than £1 billion","","NEEDS TRANSLATION"
"respondToClaim/legalrep/howMuchAffordToPay.json","errors.installmentAmountMin","The amount the defendant could afford to pay in addition to the current rent must be £0.00 or above","","NEEDS TRANSLATION"
"respondToClaim/legalrep/howMuchAffordToPay.json","errors.installmentFrequency","Select how frequently the defendant could afford to pay this amount","","NEEDS TRANSLATION"
"respondToClaim/legalrep/incomeAndExpenses.json","infoParagraph1","Details about the defendant’s income and expenses can be used by a judge to reach a decision on their case, and also to decide how much they could afford to repay if they have rent arrears.","","NEEDS TRANSLATION"
"respondToClaim/legalrep/incomeAndExpenses.json","infoParagraph2","Providing details about the defendant’s income and expenses is optional.","","NEEDS TRANSLATION"
"respondToClaim/legalrep/incomeAndExpenses.json","infoParagraph3","The claimant will be able to see the defendant’s answers.","","NEEDS TRANSLATION"
"respondToClaim/legalrep/incomeAndExpenses.json","question","Does the defendant want to provide details of their income and expenses?","","NEEDS TRANSLATION"
"respondToClaim/legalrep/incomeAndExpenses.json","errors.provideFinanceDetails","Select if the defendant wants to provide details of their income and expenses","","NEEDS TRANSLATION"
"respondToClaim/legalrep/installmentPayments.json","pageTitle","Instalment payments","","NEEDS TRANSLATION"
"respondToClaim/legalrep/installmentPayments.json","heading","Instalment payments","","NEEDS TRANSLATION"
"respondToClaim/legalrep/installmentPayments.json","question","Would the defendant like to offer to pay off their arrears in instalments?","","NEEDS TRANSLATION"
"respondToClaim/legalrep/installmentPayments.json","errors.confirmInstallmentOffer","Select whether the defendant would like to offer to pay off their arrears in instalments","","NEEDS TRANSLATION"
"respondToClaim/legalrep/landlordLicensed.json","paragraph","You can check if the landlord is licensed by searching the <a href=""https://rentsmart.gov.wales/en/check-register/"" target=""_blank"" rel=""noopener noreferrer"" class=""govuk-link""> Public Register (opens in new tab)</a>.","","NEEDS TRANSLATION"
"respondToClaim/legalrep/landlordLicensed.json","question","Is the landlord licensed?","","NEEDS TRANSLATION"
"respondToClaim/legalrep/landlordLicensed.json","options.imNotSure","Defendant is not sure","","NEEDS TRANSLATION"
"respondToClaim/legalrep/landlordLicensed.json","errors.confirmLandlordLicensed","Select if the defendant agrees with the landlord’s claim to be licensed","","NEEDS TRANSLATION"
"respondToClaim/legalrep/landlordRegistered.json","introText","You can check if the landlord is registered by searching the","","NEEDS TRANSLATION"
"respondToClaim/legalrep/landlordRegistered.json","question","Is the landlord registered?","","NEEDS TRANSLATION"
"respondToClaim/legalrep/landlordRegistered.json","options.imNotSure","Defendant is not sure","","NEEDS TRANSLATION"
"respondToClaim/legalrep/landlordRegistered.json","errors.landlordRegistered","Select if the defendant agrees with the landlord’s claim to be registered","","NEEDS TRANSLATION"
"respondToClaim/legalrep/nonRentArrearsDispute.json","disputeOtherPartsQuestion","Does the defendant dispute any other parts of the claim?","","NEEDS TRANSLATION"
"respondToClaim/legalrep/nonRentArrearsDispute.json","disputeDetails.label","Explain which parts of the claim the defendant does not agree with","","NEEDS TRANSLATION"
"respondToClaim/legalrep/nonRentArrearsDispute.json","errors.disputeOtherParts","Select if the defendant wants to dispute any other parts of the claim","","NEEDS TRANSLATION"
"respondToClaim/legalrep/nonRentArrearsDispute.json","errors.disputeDetails.required","Enter the parts of the claim the defendant disputes","","NEEDS TRANSLATION"
"respondToClaim/legalrep/otherConsiderations.json","heading","Other considerations","","NEEDS TRANSLATION"
"respondToClaim/legalrep/otherConsiderations.json","question","Is there anything else the defendant wants to tell the court as part of their response?","","NEEDS TRANSLATION"
"respondToClaim/legalrep/otherConsiderations.json","otherConsiderationsDetailsLabel","Give details about what else the defendant wants to tell the court","","NEEDS TRANSLATION"
"respondToClaim/legalrep/otherConsiderations.json","errors.otherConsiderations","Select if there is anything else the defendant wants to tell the court","","NEEDS TRANSLATION"
"respondToClaim/legalrep/otherConsiderations.json","errors.otherConsiderationsDetails","Enter details about what the defendant wants to tell the court","","NEEDS TRANSLATION"
"respondToClaim/legalrep/otherConsiderations.json","errors.otherConsiderationsInvalid","Give details about what else the defendant wants to tell the court must only include letters a to z, and special characters such as hyphens, spaces and apostrophes","","NEEDS TRANSLATION"
"respondToClaim/legalrep/otherConsiderations.json","errors.otherConsiderationsDetailsMaxLength","Details about what else the defendant wants to tell the court must be 6400 characters or less","","NEEDS TRANSLATION"
"respondToClaim/legalrep/priorityDebtDetails.json","totalQuestion","What is the total amount the defendant owes for all their priority debts?","","NEEDS TRANSLATION"
"respondToClaim/legalrep/priorityDebtDetails.json","contributionQuestion","How much does the defendant pay towards their priority debts each week or month?","","NEEDS TRANSLATION"
"respondToClaim/legalrep/priorityDebtDetails.json","errors.priorityDebtTotal","Enter the total amount the defendant owes for all their priority debts","","NEEDS TRANSLATION"
"respondToClaim/legalrep/priorityDebtDetails.json","errors.priorityDebtTotalMin","The total amount the defendant owes for all their priority debts must be £0.00 or above","","NEEDS TRANSLATION"
"respondToClaim/legalrep/priorityDebtDetails.json","errors.priorityDebtTotalMax","The total amount the defendant owes for all their priority debts must be less than £1 billion","","NEEDS TRANSLATION"
"respondToClaim/legalrep/priorityDebtDetails.json","errors.priorityDebtContribution","Enter the amount the defendant pays towards their priority debts each week or month","","NEEDS TRANSLATION"
"respondToClaim/legalrep/priorityDebtDetails.json","errors.priorityDebtContributionMin","The amount the defendant pays towards their priority debts each week or month must be £0.00 or above","","NEEDS TRANSLATION"
"respondToClaim/legalrep/priorityDebtDetails.json","errors.priorityDebtContributionMax","The amount the defendant pays towards their priority debts each week or month must be less than £1 billion","","NEEDS TRANSLATION"
"respondToClaim/legalrep/priorityDebtDetails.json","errors.priorityDebtContributionFrequency","Select how frequently the defendant pays the amount they entered above","","NEEDS TRANSLATION"
"respondToClaim/legalrep/priorityDebts.json","paragraph1","Priority debts are debts which could lead to serious consequences if the defendant does not pay them.","","NEEDS TRANSLATION"
"respondToClaim/legalrep/priorityDebts.json","question","Does the defendant have any priority debts?","","NEEDS TRANSLATION"
"respondToClaim/legalrep/priorityDebts.json","errors.havePriorityDebts","Select if the defendant has any priority debts","","NEEDS TRANSLATION"
"respondToClaim/legalrep/rentArrearsDispute.json","amountOwedHeading","Amount the defendant owes in rent arrears given by {{claimantName}}:","","NEEDS TRANSLATION"
"respondToClaim/legalrep/rentArrearsDispute.json","rentArrearsQuestion","Does the defendant owe this amount in rent arrears?","","NEEDS TRANSLATION"
"respondToClaim/legalrep/rentArrearsDispute.json","rentArrearsOptions.notSure","Defendant is not sure","","NEEDS TRANSLATION"
"respondToClaim/legalrep/rentArrearsDispute.json","rentArrearsAmountCorrection.label","How much does the defendant believe they owe in rent arrears?","","NEEDS TRANSLATION"
"respondToClaim/legalrep/rentArrearsDispute.json","errors.rentArrears.required","Select if the defendant owes this amount in rent arrears","","NEEDS TRANSLATION"
"respondToClaim/legalrep/rentArrearsDispute.json","errors.rentArrearsAmountCorrection.required","Enter the amount the defendant believes they owe in rent arrears","","NEEDS TRANSLATION"
"respondToClaim/legalrep/rentArrearsDispute.json","errors.rentArrearsAmountCorrection.negativeAmount","The amount the defendant believes they owe in rent arrears must be £0.00 or above","","NEEDS TRANSLATION"
"respondToClaim/legalrep/rentArrearsDispute.json","errors.rentArrearsAmountCorrection.largeAmount","The amount the defendant believes they owe in rent arrears must be less than £1 billion","","NEEDS TRANSLATION"
"respondToClaim/legalrep/rentArrearsDispute.json","errors.rentArrearsAmountCorrection.invalidFormat","Enter how much the defendant believes they owe in rent arrears, in the correct format (e.g. if the defendant owes £148, please write £148.00)","","NEEDS TRANSLATION"
"respondToClaim/legalrep/rentArrearsDispute.json","errors.rentArrears.rentArrearsAmountCorrection","How much does the defendant believe they owe in rent arrears?","","NEEDS TRANSLATION"
"respondToClaim/legalrep/repaymentsAgreed.json","heading","Repayment agreement","","NEEDS TRANSLATION"
"respondToClaim/legalrep/repaymentsAgreed.json","repaymentsAgreedQuestion","Has the defendant come to any agreement with {{claimantName}} to repay the arrears since {{dateIssued, ordinalDate}}?","","NEEDS TRANSLATION"
"respondToClaim/legalrep/repaymentsAgreed.json","options.imNotSure","Defendant is not sure","","NEEDS TRANSLATION"
"respondToClaim/legalrep/repaymentsAgreed.json","textAreaLabel","Give details about how much they’ve agreed to pay and when","","NEEDS TRANSLATION"
"respondToClaim/legalrep/repaymentsAgreed.json","textAreaHint","Enter up to 500 characters","","NEEDS TRANSLATION"
"respondToClaim/legalrep/repaymentsAgreed.json","errors.repaymentsAgreed","Select if the defendant has come to any agreement with {{claimantName}} to repay the arrears since {{dateIssued, ordinalDate}}","","NEEDS TRANSLATION"
"respondToClaim/legalrep/repaymentsAgreed.json","errors.repaymentsAgreed.repaymentsAgreedDetails","Give details about how much the defendant has agreed to pay, how often the defendant will pay and when the agreement was made","","NEEDS TRANSLATION"
"respondToClaim/legalrep/repaymentsMade.json","heading","Previous payments","","NEEDS TRANSLATION"
"respondToClaim/legalrep/repaymentsMade.json","textAreaLabel","Give details about how much the defendant paid and when","","NEEDS TRANSLATION"
"respondToClaim/legalrep/repaymentsMade.json","errors.repaymentsInfo","Give details about how much the defendant paid and when","","NEEDS TRANSLATION"
"respondToClaim/legalrep/repaymentsMade.json","errors.confirmRepaymentsMade","Select if the defendant has paid any money to {{claimantName}} since {{dateIssued, ordinalDate}}","","NEEDS TRANSLATION"
"respondToClaim/legalrep/selectDefendant.json","pageTitle","Representation","","NEEDS TRANSLATION"
"respondToClaim/legalrep/selectDefendant.json","heading","Representation","","NEEDS TRANSLATION"
"respondToClaim/legalrep/selectDefendant.json","detailsHeading","If you’re representing more than one defendant in this case, you must submit a separate response for each one.","","NEEDS TRANSLATION"
"respondToClaim/legalrep/selectDefendant.json","selectDefendantLabel","Which defendant are you completing this response on behalf of?","","NEEDS TRANSLATION"
"respondToClaim/legalrep/selectDefendant.json","errors.selectDefendant","You must select a defendant to represent","","NEEDS TRANSLATION"
"respondToClaim/legalrep/startNow.json","provideDetailsInfo","This service is also available <a href=""?lang=en"" class=""govuk-link language"">in English</a>.","","NEEDS TRANSLATION"
"respondToClaim/legalrep/startNow.json","hmctsSupportInfo","If you or the defendant need support to use HMCTS services, like step-free access to a court for the hearing, you can request this after you’ve submitted your response.","","NEEDS TRANSLATION"
"respondToClaim/legalrep/tenancyDateDetails.json","bulletPoint","The tenancy, occupation contract or licence began on {{tenancyStartDate}}","","NEEDS TRANSLATION"
"respondToClaim/legalrep/tenancyDateDetails.json","options.notSure","Defendant is not sure","","NEEDS TRANSLATION"
"respondToClaim/legalrep/tenancyDateUnknown.json","question","What is the tenancy, occupation contract or licence start date? (Optional)","","NEEDS TRANSLATION"
"respondToClaim/legalrep/tenancyTypeDetails.json","insetText","When they made their claim, {{orgname}} had to give details about the type of tenancy, occupation contract or licence agreement the defendant signed to rent their property, and the date it began, if known.","","NEEDS TRANSLATION"
"respondToClaim/legalrep/tenancyTypeDetails.json","notSure","Defendant is not sure","","NEEDS TRANSLATION"
"respondToClaim/legalrep/whatOtherRegularExpensesDoYouHave.json","pageTitle","Expenses","","NEEDS TRANSLATION"
"respondToClaim/legalrep/whatOtherRegularExpensesDoYouHave.json","heading","Expenses","","NEEDS TRANSLATION"
"respondToClaim/legalrep/whatOtherRegularExpensesDoYouHave.json","expenseQuestion","What regular monthly expenses does the defendant have? (Optional)","","NEEDS TRANSLATION"
"respondToClaim/legalrep/whatOtherRegularExpensesDoYouHave.json","hintText","Select all that apply. The information the defendant provides must be truthful and accurate.","","NEEDS TRANSLATION"
"respondToClaim/legalrep/whatOtherRegularExpensesDoYouHave.json","errors.householdBillsAmount.required","Enter the amount the defendant pays for household bills","","NEEDS TRANSLATION"
"respondToClaim/legalrep/whatOtherRegularExpensesDoYouHave.json","errors.householdBillsAmount.negative","The amount the defendant pays for household bills each week or month must be £0.00 or above","","NEEDS TRANSLATION"
"respondToClaim/legalrep/whatOtherRegularExpensesDoYouHave.json","errors.householdBillsAmount.largeAmount","The amount the defendant pays for household bills each week or month must be less than £1 billion","","NEEDS TRANSLATION"
"respondToClaim/legalrep/whatOtherRegularExpensesDoYouHave.json","errors.householdBillsFrequency.required","Select how frequently the defendant pays household bills","","NEEDS TRANSLATION"
"respondToClaim/legalrep/whatOtherRegularExpensesDoYouHave.json","errors.loanPaymentsAmount.required","Enter the amount the defendant pays for loan payments","","NEEDS TRANSLATION"
"respondToClaim/legalrep/whatOtherRegularExpensesDoYouHave.json","errors.loanPaymentsAmount.negative","The amount the defendant pays for loan payments each week or month must be £0.00 or above","","NEEDS TRANSLATION"
"respondToClaim/legalrep/whatOtherRegularExpensesDoYouHave.json","errors.loanPaymentsAmount.largeAmount","The amount the defendant pays for loan payments each week or month must be less than £1 billion","","NEEDS TRANSLATION"
"respondToClaim/legalrep/whatOtherRegularExpensesDoYouHave.json","errors.loanPaymentsFrequency.required","Select how frequently the defendant makes loan payments","","NEEDS TRANSLATION"
"respondToClaim/legalrep/whatOtherRegularExpensesDoYouHave.json","errors.childSpousalMaintenanceAmount.required","Enter the amount the defendant pays for child or spousal maintenance","","NEEDS TRANSLATION"
"respondToClaim/legalrep/whatOtherRegularExpensesDoYouHave.json","errors.childSpousalMaintenanceAmount.negative","The amount the defendant pays for child or spousal maintenance each week or month must be £0.00 or above","","NEEDS TRANSLATION"
"respondToClaim/legalrep/whatOtherRegularExpensesDoYouHave.json","errors.childSpousalMaintenanceAmount.largeAmount","The amount the defendant pays for child or spousal maintenance each week or month must be less than £1 billion","","NEEDS TRANSLATION"
"respondToClaim/legalrep/whatOtherRegularExpensesDoYouHave.json","errors.childSpousalMaintenanceFrequency.required","Select how frequently the defendant pays child or spousal maintenance","","NEEDS TRANSLATION"
"respondToClaim/legalrep/whatOtherRegularExpensesDoYouHave.json","errors.mobilePhoneAmount.required","Enter the amount the defendant pays for a mobile phone","","NEEDS TRANSLATION"
"respondToClaim/legalrep/whatOtherRegularExpensesDoYouHave.json","errors.mobilePhoneAmount.negative","The amount the defendant pays for a mobile phone each week or month must be £0.00 or above","","NEEDS TRANSLATION"
"respondToClaim/legalrep/whatOtherRegularExpensesDoYouHave.json","errors.mobilePhoneAmount.largeAmount","The amount the defendant pays for a mobile phone each week or month must be less than £1 billion","","NEEDS TRANSLATION"
"respondToClaim/legalrep/whatOtherRegularExpensesDoYouHave.json","errors.mobilePhoneFrequency.required","Select how frequently the defendant pays for a mobile phone","","NEEDS TRANSLATION"
"respondToClaim/legalrep/whatOtherRegularExpensesDoYouHave.json","errors.groceryShoppingAmount.required","Enter the amount the defendant pays for grocery shopping","","NEEDS TRANSLATION"
"respondToClaim/legalrep/whatOtherRegularExpensesDoYouHave.json","errors.groceryShoppingAmount.negative","The amount the defendant pays for grocery shopping each week or month must be £0.00 or above","","NEEDS TRANSLATION"
"respondToClaim/legalrep/whatOtherRegularExpensesDoYouHave.json","errors.groceryShoppingAmount.largeAmount","The amount the defendant pays for grocery shopping each week or month must be less than £1 billion","","NEEDS TRANSLATION"
"respondToClaim/legalrep/whatOtherRegularExpensesDoYouHave.json","errors.groceryShoppingFrequency.required","Select how frequently the defendant pays for grocery shopping","","NEEDS TRANSLATION"
"respondToClaim/legalrep/whatOtherRegularExpensesDoYouHave.json","errors.fuelParkingTransportAmount.required","Enter the amount the defendant pays for fuel, parking and transport","","NEEDS TRANSLATION"
"respondToClaim/legalrep/whatOtherRegularExpensesDoYouHave.json","errors.fuelParkingTransportAmount.negative","The amount the defendant pays for fuel, parking and transport each week or month must be £0.00 or above","","NEEDS TRANSLATION"
"respondToClaim/legalrep/whatOtherRegularExpensesDoYouHave.json","errors.fuelParkingTransportAmount.largeAmount","The amount the defendant pays for fuel, parking and transport each week or month must be less than £1 billion","","NEEDS TRANSLATION"
"respondToClaim/legalrep/whatOtherRegularExpensesDoYouHave.json","errors.fuelParkingTransportFrequency.required","Select how frequently the defendant pays for fuel, parking and transport","","NEEDS TRANSLATION"
"respondToClaim/legalrep/whatOtherRegularExpensesDoYouHave.json","errors.schoolCostsAmount.required","Enter the amount the defendant pays for school costs","","NEEDS TRANSLATION"
"respondToClaim/legalrep/whatOtherRegularExpensesDoYouHave.json","errors.schoolCostsAmount.negative","The amount the defendant pays for school costs each week or month must be £0.00 or above","","NEEDS TRANSLATION"
"respondToClaim/legalrep/whatOtherRegularExpensesDoYouHave.json","errors.schoolCostsAmount.largeAmount","The amount the defendant pays for school costs each week or month must be less than £1 billion","","NEEDS TRANSLATION"
"respondToClaim/legalrep/whatOtherRegularExpensesDoYouHave.json","errors.schoolCostsFrequency.required","Select how frequently the defendant pays school costs","","NEEDS TRANSLATION"
"respondToClaim/legalrep/whatOtherRegularExpensesDoYouHave.json","errors.clothingAmount.required","Enter the amount the defendant pays for clothing","","NEEDS TRANSLATION"
"respondToClaim/legalrep/whatOtherRegularExpensesDoYouHave.json","errors.clothingAmount.negative","The amount the defendant pays for clothing each week or month must be £0.00 or above","","NEEDS TRANSLATION"
"respondToClaim/legalrep/whatOtherRegularExpensesDoYouHave.json","errors.clothingAmount.largeAmount","The amount the defendant pays for clothing each week or month must be less than £1 billion","","NEEDS TRANSLATION"
"respondToClaim/legalrep/whatOtherRegularExpensesDoYouHave.json","errors.clothingFrequency.required","Select how frequently the defendant pays for clothing","","NEEDS TRANSLATION"
"respondToClaim/legalrep/whatOtherRegularExpensesDoYouHave.json","errors.otherExpensesAmount.required","Enter the amount the defendant pays for other regular expenses","","NEEDS TRANSLATION"
"respondToClaim/legalrep/whatOtherRegularExpensesDoYouHave.json","errors.otherExpensesAmount.negative","The amount the defendant pays for other expenses each week or month must be £0.00 or above","","NEEDS TRANSLATION"
"respondToClaim/legalrep/whatOtherRegularExpensesDoYouHave.json","errors.otherExpensesAmount.largeAmount","The amount the defendant pays for other expenses each week or month must be less than £1 billion","","NEEDS TRANSLATION"
"respondToClaim/legalrep/whatOtherRegularExpensesDoYouHave.json","errors.otherExpensesFrequency.required","Select how frequently the defendant pays for other expenses","","NEEDS TRANSLATION"
"respondToClaim/legalrep/whatRegularIncomeDoYouReceive.json","heading","Income","","NEEDS TRANSLATION"
"respondToClaim/legalrep/whatRegularIncomeDoYouReceive.json","incomeQuestion","What regular income does the defendant receive? (Optional)","","NEEDS TRANSLATION"
"respondToClaim/legalrep/whatRegularIncomeDoYouReceive.json","hintText","Select all that apply. The information the defendant provides must be truthful and accurate.","","NEEDS TRANSLATION"
"respondToClaim/legalrep/whatRegularIncomeDoYouReceive.json","options.incomeFromJobs","Income from all jobs they do","","NEEDS TRANSLATION"
"respondToClaim/legalrep/whatRegularIncomeDoYouReceive.json","options.moneyFromElsewhere","Money from somewhere else (for example, child maintenance payments or someone in the defendant’s household gives them money)","","NEEDS TRANSLATION"
"respondToClaim/legalrep/whatRegularIncomeDoYouReceive.json","subFields.moneyFromElsewhereDetailsHint","Give details about the other sources of income and how much the defendant usually receives a month","","NEEDS TRANSLATION"
"respondToClaim/legalrep/whatRegularIncomeDoYouReceive.json","errors.incomeFromJobsAmount.required","Enter the total amount the defendant receives from all jobs they do","","NEEDS TRANSLATION"
"respondToClaim/legalrep/whatRegularIncomeDoYouReceive.json","errors.incomeFromJobsAmount.negative","The total amount the defendant receives from all jobs they do each week or month must be £0.00 or above","","NEEDS TRANSLATION"
"respondToClaim/legalrep/whatRegularIncomeDoYouReceive.json","errors.incomeFromJobsAmount.largeAmount","The total amount the defendant receives from all jobs you do each week or month must be less than £1 billion","","NEEDS TRANSLATION"
"respondToClaim/legalrep/whatRegularIncomeDoYouReceive.json","errors.incomeFromJobsFrequency.required","Select how frequently the defendant receives income from all jobs they do","","NEEDS TRANSLATION"
"respondToClaim/legalrep/whatRegularIncomeDoYouReceive.json","errors.pensionAmount.required","Enter the total amount the defendant receives from a state or private pension","","NEEDS TRANSLATION"
"respondToClaim/legalrep/whatRegularIncomeDoYouReceive.json","errors.pensionAmount.negative","The total amount the defendant receives from pension (state and private) each week or month must be £0.00 or above","","NEEDS TRANSLATION"
"respondToClaim/legalrep/whatRegularIncomeDoYouReceive.json","errors.pensionAmount.largeAmount","The total amount the defendant receives from pension (state and private) each week or month must be less than £1 billion","","NEEDS TRANSLATION"
"respondToClaim/legalrep/whatRegularIncomeDoYouReceive.json","errors.pensionFrequency.required","Select how frequently the defendant receives income from a state or private pension","","NEEDS TRANSLATION"
"respondToClaim/legalrep/whatRegularIncomeDoYouReceive.json","errors.universalCreditAmount.required","Enter the total amount the defendant receives from Universal Credit","","NEEDS TRANSLATION"
"respondToClaim/legalrep/whatRegularIncomeDoYouReceive.json","errors.universalCreditAmount.negative","The total amount the defendant receives from Universal Credit each week or month must be £0.00 or above","","NEEDS TRANSLATION"
"respondToClaim/legalrep/whatRegularIncomeDoYouReceive.json","errors.universalCreditAmount.largeAmount","The total amount the defendsnt receives from Universal Credit each week or month must be less than £1 billion","","NEEDS TRANSLATION"
"respondToClaim/legalrep/whatRegularIncomeDoYouReceive.json","errors.universalCreditFrequency.required","Select how frequently the defendant receives Universal Credit","","NEEDS TRANSLATION"
"respondToClaim/legalrep/whatRegularIncomeDoYouReceive.json","errors.otherBenefitsAmount.required","Enter the total amount the defendant receives from other benefits and credits","","NEEDS TRANSLATION"
"respondToClaim/legalrep/whatRegularIncomeDoYouReceive.json","errors.otherBenefitsAmount.negative","The total amount the defendant receives from other benefits and credit each week or month must be £0.00 or above","","NEEDS TRANSLATION"
"respondToClaim/legalrep/whatRegularIncomeDoYouReceive.json","errors.otherBenefitsAmount.largeAmount","The total amount the defendant receives from other benefits and credit each week or month must be less than £1 billion","","NEEDS TRANSLATION"
"respondToClaim/legalrep/whatRegularIncomeDoYouReceive.json","errors.otherBenefitsFrequency.required","Select how frequently the defendant receives income from other benefits and credits","","NEEDS TRANSLATION"
"respondToClaim/legalrep/whatRegularIncomeDoYouReceive.json","errors.moneyFromElsewhereDetails.required","Enter details about the money the defendant received from somewhere else and how much the defendant usually receives","","NEEDS TRANSLATION"
"respondToClaim/legalrep/whatRegularIncomeDoYouReceive.json","errors.moneyFromElsewhereDetails.invalidCharacters","Give details about the other sources of income and how much the defendant usually receives must only include letters a to z, and special characters such as hyphens, spaces and apostrophes","","NEEDS TRANSLATION"
"respondToClaim/legalrep/wouldYouHaveSomewhereElseToLiveIfYouHadToLeaveYourHome.json","heading","Alternative accommodation","","NEEDS TRANSLATION"
"respondToClaim/legalrep/wouldYouHaveSomewhereElseToLiveIfYouHadToLeaveYourHome.json","accommodationQuestion","Would the defendant have somewhere else to live if they had to leave their home?","","NEEDS TRANSLATION"
"respondToClaim/legalrep/wouldYouHaveSomewhereElseToLiveIfYouHadToLeaveYourHome.json","dateLabel","When would they be able to move in? (Optional)","","NEEDS TRANSLATION"
"respondToClaim/legalrep/wouldYouHaveSomewhereElseToLiveIfYouHadToLeaveYourHome.json","options.notSure","Defendant is not sure","","NEEDS TRANSLATION"
"respondToClaim/legalrep/wouldYouHaveSomewhereElseToLiveIfYouHadToLeaveYourHome.json","errors.date.notRealDate","The date the defendant would be able to move in must be a real date ","","NEEDS TRANSLATION"
"respondToClaim/legalrep/wouldYouHaveSomewhereElseToLiveIfYouHadToLeaveYourHome.json","errors.date.pastDate","The date the defendant would be able to move in must be in the future","","NEEDS TRANSLATION"
"respondToClaim/legalrep/wouldYouHaveSomewhereElseToLiveIfYouHadToLeaveYourHome.json","errors.date.invalidValue","The date the defendant would be able to move in must be a real date ","","NEEDS TRANSLATION"
"respondToClaim/legalrep/wouldYouHaveSomewhereElseToLiveIfYouHadToLeaveYourHome.json","errors.date.missingOne","The date the defendant would be able to move in must include a {{missingField}}","","NEEDS TRANSLATION"
"respondToClaim/legalrep/wouldYouHaveSomewhereElseToLiveIfYouHadToLeaveYourHome.json","errors.date.missingTwo","The date the defendant would be able to move in must include a {{first}} and {{second}}","","NEEDS TRANSLATION"
"respondToClaim/legalrep/wouldYouHaveSomewhereElseToLiveIfYouHadToLeaveYourHome.json","errors.confirmAlternativeAccommodation","Select if the defendant would have somewhere else to live if they had to leave their home","","NEEDS TRANSLATION"
"respondToClaim/legalrep/writtenTerms.json","introText","It is required under the Renting Homes Wales Act 2016 for a landlord to send the defendant written terms of the occupation contract.","","NEEDS TRANSLATION"
"respondToClaim/legalrep/writtenTerms.json","question","Has the landlord sent the defendant written terms of the occupation contract?","","NEEDS TRANSLATION"
"respondToClaim/legalrep/writtenTerms.json","termsQuestion","Has the landlord sent the defendant written terms of the occupation contract?","","NEEDS TRANSLATION"
"respondToClaim/legalrep/writtenTerms.json","options.imNotSure","Defendant is not sure","","NEEDS TRANSLATION"
"respondToClaim/legalrep/writtenTerms.json","errors.writtenTerms","Select if the landlord has sent the defendant written terms of the occupation contract","","NEEDS TRANSLATION"
"respondToClaim/legalrep/yourCircumstances.json","pageTitle","Circumstances","","NEEDS TRANSLATION"
"respondToClaim/legalrep/yourCircumstances.json","introParagraph","Use this section to give details about any events or circumstances that have impacted the defendant’s case that a judge should know about.","","NEEDS TRANSLATION"
"respondToClaim/legalrep/yourCircumstances.json","bullet1","someone in the defendant’s household has an illness or disability","","NEEDS TRANSLATION"
"respondToClaim/legalrep/yourCircumstances.json","bullet2","children in the defendant’s household attend a local school","","NEEDS TRANSLATION"
"respondToClaim/legalrep/yourCircumstances.json","bullet3","the defendant works irregular hours, making it hard to find a new place to live","","NEEDS TRANSLATION"
"respondToClaim/legalrep/yourCircumstances.json","circumstanceQuestion","Would you like to share anything about the defendant’s circumstances?","","NEEDS TRANSLATION"
"respondToClaim/legalrep/yourCircumstances.json","textAreaLabel","Give details about the defendant’s circumstances","","NEEDS TRANSLATION"
"respondToClaim/legalrep/yourCircumstances.json","errors.shareCircumstances","Select if the defendant would like to share anything about their circumstances","","NEEDS TRANSLATION"
"respondToClaim/legalrep/yourCircumstances.json","errors.circumstancesDetails","Give details about the defendant’s circumstances","","NEEDS TRANSLATION"
"respondToClaim/legalrep/yourCircumstances.json","errors.circumstancesDetailsInvalidCharacters","The details of their circumstances must only include letters a to z, and special characters such as hyphens, spaces and apostrophes","","NEEDS TRANSLATION"
"respondToClaim/reasonableAdjustmentsTriage.json","askingForReasonableAdjustmentListItem1","step-free access to the court","","NEEDS TRANSLATION"
"respondToClaim/reasonableAdjustmentsTriage.json","askingForReasonableAdjustmentListItem2","bringing support with you to the hearing, like an assistance dog","","NEEDS TRANSLATION"
"respondToClaim/reasonableAdjustmentsTriage.json","askingForReasonableAdjustmentListItem3","documents in an alternative format, like large print","","NEEDS TRANSLATION"
"respondToClaim/reasonableAdjustmentsTriage.json","askingForReasonableAdjustmentListItem4","regular breaks during a hearing to make you feel more comfortable","","NEEDS TRANSLATION"
"respondToClaim/reasonableAdjustmentsTriage.json","askingForSomethingElseListItem1","communication and documents in Welsh or to speak Welsh at your hearing","","NEEDS TRANSLATION"
"respondToClaim/reasonableAdjustmentsTriage.json","askingForSomethingElseListItem2","a language interpreter","","NEEDS TRANSLATION"
"respondToClaim/reasonableAdjustmentsTriage.json","askingForSomethingElseListItem3","special measures, like giving evidence in private, because you’re vulnerable","","NEEDS TRANSLATION"
"respondToClaim/responseSubmitted.json","responseSubmittedListItem2","Some people need support to use HMCTS services, like step-free access to a court for a hearing. If you need support and have not already asked for it in your response, contact us. Use the ‘Contact us for help’ link on this page.</a>.","","NEEDS TRANSLATION"
"respondToClaim/responseSubmittedCounterClaimFeePaymentNeeded.json","pageTitle","Response submitted. You must pay your counterclaim fee","","NEEDS TRANSLATION"
"respondToClaim/responseSubmittedCounterClaimFeePaymentNeeded.json","responseSubmittedCounterClaimFeePaymentNeededListItem1","<a href='{{counterClaimApplicationFeeAmountUrl}}'>Pay your counterclaim fee</a>. If you do not, your counterclaim will not be considered.","","NEEDS TRANSLATION"
"respondToClaim/uploadDocument.json","heading","Upload files (optional)","","NEEDS TRANSLATION"
"respondToClaim/uploadDocument.json","guidanceText","Upload any files that you think are relevant to your response. The claimant will be able to see the files you upload.","","NEEDS TRANSLATION"
"respondToClaim/uploadDocument.json","beforeUploadHeading","Before you upload your files","","NEEDS TRANSLATION"
"respondToClaim/uploadDocument.json","beforeUploadText","Give your file a name that explains what it is. For example, 'Receipt of payment from Jane Smith'","","NEEDS TRANSLATION"
"uploadAdditionalDocuments/checkYourAnswers.json","errors.submitFailed","Your files were not submitted. Try again.","","NEEDS TRANSLATION"
"uploadAdditionalDocuments/confirmIfTheseDocumentsRelateToAnApplication.json","applicationOptionSuspend","Yes, the documents I’m uploading relate to the application to suspend the eviction - submitted on {{date}}","","NEEDS TRANSLATION"
"uploadAdditionalDocuments/documentsUploaded.json","pageTitle","Documents uploaded","","NEEDS TRANSLATION"
"uploadAdditionalDocuments/documentsUploaded.json","panelTitle","Documents uploaded","","NEEDS TRANSLATION"
"uploadAdditionalDocuments/documentsUploaded.json","confirmationBody","We have received the documents you uploaded","","NEEDS TRANSLATION"
"uploadAdditionalDocuments/documentsUploaded.json","whatHappensNext.body","You do not need to do anything else. We will review the documents.","","NEEDS TRANSLATION"
"uploadAdditionalDocuments/startEvidenceUpload.json","exampleBullet1","evidence that a judge has asked for, like bank statements showing your rent payments","","NEEDS TRANSLATION"
"uploadAdditionalDocuments/startEvidenceUpload.json","exampleBullet2","photographs of the property in a state of disrepair, like damp in the bathroom","","NEEDS TRANSLATION"
"uploadAdditionalDocuments/startEvidenceUpload.json","exampleBullet3","a report from an electrician or a plumber, showing evidence of a repair that needs to be done","","NEEDS TRANSLATION"
"uploadAdditionalDocuments/startEvidenceUpload.json","exampleBullet4","emails or letters from the claimant (your landlord, housing association, or mortgage lender)","","NEEDS TRANSLATION"
"uploadAdditionalDocuments/uploadYourDocuments.json","guidanceText","You should only upload documents that are relevant to the claim.","","NEEDS TRANSLATION"
"uploadAdditionalDocuments/uploadYourDocuments.json","beforeUploadText","Before you upload the document, give it a name that tells the court what it is, for example ‘witness statement’, or ‘tenancy agreement’.","","NEEDS TRANSLATION"
"uploadAdditionalDocuments/uploadYourDocuments.json","errors.documents.required","Select a file","","NEEDS TRANSLATION"
"viewTheClaim.json","theClaimEyebrow","The claim","","NEEDS TRANSLATION"
"viewTheClaim.json","introTextFallback","A property possession claim has been made against you. These are the claimant's answers to the questions they were asked when making their claim.","","NEEDS TRANSLATION"
"viewTheClaim.json","propertyAddressLabel","Property address:","","NEEDS TRANSLATION"
"viewTheClaim.json","dateIssued","Date issued","","NEEDS TRANSLATION"
"viewTheClaim.json","dateSubmitted","Date submitted","","NEEDS TRANSLATION"
"viewTheClaim.json","claimPdfSectionTitle","Download a PDF copy of the claim","","NEEDS TRANSLATION"
"viewTheClaim.json","claimPdfLabel","Claim (PDF)","","NEEDS TRANSLATION"
"viewTheClaim.json","documentsHelpSummary","If you cannot find a document that you are looking for in this section","","NEEDS TRANSLATION"
"viewTheClaim.json","documentsHelpText","All documents uploaded by you or the claimant are on the Documents page.","","NEEDS TRANSLATION"
"viewTheClaim.json","documentsHelpTextBeforeLink","All documents uploaded by you or the claimant are on the","","NEEDS TRANSLATION"
"viewTheClaim.json","documentsHelpLinkText","Documents page","","NEEDS TRANSLATION"
"viewTheClaim.json","personsUnknown","Persons unknown","","NEEDS TRANSLATION"
"viewTheClaim.json","addressUnknown","Address unknown","","NEEDS TRANSLATION"
"viewTheClaim.json","statementOfTruthBody","I believe the facts stated in this claim form are true. I understand that proceedings for contempt of court may be brought against anyone who makes, or causes to be made, a false statement in a document verified by a statement of truth without an honest belief in its truth.","","NEEDS TRANSLATION"
"viewTheClaim.json","sections.claimantDetails","Claimant details","","NEEDS TRANSLATION"
"viewTheClaim.json","sections.defendantDetails","Defendant 1 details","","NEEDS TRANSLATION"
"viewTheClaim.json","sections.additionalDefendantDetails","Additional defendant {{number}} details","","NEEDS TRANSLATION"
"viewTheClaim.json","sections.claimDetails","Claim details","","NEEDS TRANSLATION"
"viewTheClaim.json","sections.asb","Alleged antisocial behaviour and illegal or prohibited conduct","","NEEDS TRANSLATION"
"viewTheClaim.json","sections.rentArrears","Details of rent arrears","","NEEDS TRANSLATION"
"viewTheClaim.json","sections.actionTaken","Action already taken by the claimant","","NEEDS TRANSLATION"
"viewTheClaim.json","sections.tenancyDetails","Tenancy, occupation contract or licence details","","NEEDS TRANSLATION"
"viewTheClaim.json","sections.claimantCircumstances","Claimant circumstances","","NEEDS TRANSLATION"
"viewTheClaim.json","sections.defendantCircumstances","Defendants’ circumstances","","NEEDS TRANSLATION"
"viewTheClaim.json","sections.underlesseeTriage","Underlessees or mortgagees entitled to claim relief against forfeiture","","NEEDS TRANSLATION"
"viewTheClaim.json","sections.underlesseeDetails","Underlessee or mortgagee 1 details","","NEEDS TRANSLATION"
"viewTheClaim.json","sections.additionalUnderlesseeDetails","Additional underlessee or mortgagee {{number}} details","","NEEDS TRANSLATION"
"viewTheClaim.json","sections.demotion","Demotion of tenancy","","NEEDS TRANSLATION"
"viewTheClaim.json","sections.suspension","Suspension of right to buy","","NEEDS TRANSLATION"
"viewTheClaim.json","sections.prohibitedConduct","Prohibited conduct standard contract","","NEEDS TRANSLATION"
"viewTheClaim.json","sections.requiredDocuments","Required documents","","NEEDS TRANSLATION"
"viewTheClaim.json","labels.claimantName","Name","","NEEDS TRANSLATION"
"viewTheClaim.json","labels.addressForService","Address for service","","NEEDS TRANSLATION"
"viewTheClaim.json","labels.isExemptLandlord","Is the claimant an exempt landlord under Part 1 of the Housing (Wales) Act 2014?","","NEEDS TRANSLATION"
"viewTheClaim.json","labels.defendantName","Name","","NEEDS TRANSLATION"
"viewTheClaim.json","labels.defendantNameKnown","Additional defendant’s name known?","","NEEDS TRANSLATION"
"viewTheClaim.json","labels.defendantAddressKnown","Additional defendant’s address for service known?","","NEEDS TRANSLATION"
"viewTheClaim.json","labels.claimantType","Claimant type","","NEEDS TRANSLATION"
"viewTheClaim.json","labels.trespassClaim","Is your claim a trespass claim?","","NEEDS TRANSLATION"
"viewTheClaim.json","labels.propertyAddress","Address of the property the claimant is seeking possession of","","NEEDS TRANSLATION"
"viewTheClaim.json","labels.hasGrounds","Does the claimant have grounds for possession?","","NEEDS TRANSLATION"
"viewTheClaim.json","labels.groundsForPossession","Grounds for possession","","NEEDS TRANSLATION"
"viewTheClaim.json","labels.descriptionOfGrounds","Description of grounds","","NEEDS TRANSLATION"
"viewTheClaim.json","labels.reasonForGround","Reason for claiming possession under ground {{ground}}","","NEEDS TRANSLATION"
"viewTheClaim.json","labels.whyClaimingPossession","Why is the claimant claiming possession?","","NEEDS TRANSLATION"
"viewTheClaim.json","labels.otherInfoAboutReasons","Is there any other information the claimant wants to provide about their reasons for possession?","","NEEDS TRANSLATION"
"viewTheClaim.json","labels.additionalReasons","Additional reasons for possession","","NEEDS TRANSLATION"
"viewTheClaim.json","labels.isASB","Is it alleged that there is actual or threatened antisocial behaviour?","","NEEDS TRANSLATION"
"viewTheClaim.json","labels.asbDetails","Details of alleged actual or threatened antisocial behaviour","","NEEDS TRANSLATION"
"viewTheClaim.json","labels.isIllegalPurposes","Is it alleged that there is actual or threatened use of the premises for illegal purposes?","","NEEDS TRANSLATION"
"viewTheClaim.json","labels.illegalPurposesDetails","Details of alleged actual or threatened use of the premises for illegal purposes","","NEEDS TRANSLATION"
"viewTheClaim.json","labels.isOtherProhibitedConduct","Is it alleged that there has been other prohibited conduct?","","NEEDS TRANSLATION"
"viewTheClaim.json","labels.otherProhibitedConductDetails","Details of other alleged prohibited conduct","","NEEDS TRANSLATION"
"viewTheClaim.json","labels.rentAmount","Rent amount","","NEEDS TRANSLATION"
"viewTheClaim.json","labels.howIsRentCalculated","How is rent calculated?","","NEEDS TRANSLATION"
"viewTheClaim.json","labels.totalRentArrears","Total rent arrears at time of issue","","NEEDS TRANSLATION"
"viewTheClaim.json","labels.previousSteps","Have there been previous steps taken to recover rent arrears?","","NEEDS TRANSLATION"
"viewTheClaim.json","labels.previousStepsDetails","Details of previous steps taken to recover rent arrears","","NEEDS TRANSLATION"
"viewTheClaim.json","labels.judgmentRequested","Judgment requested for the outstanding arrears?","","NEEDS TRANSLATION"
"viewTheClaim.json","labels.preActionProtocol","Has the pre-action protocol been followed?","","NEEDS TRANSLATION"
"viewTheClaim.json","labels.preActionProtocolReason","Why has the pre-action protocol not been followed?","","NEEDS TRANSLATION"
"viewTheClaim.json","labels.mediationAttempted","Has mediation been attempted?","","NEEDS TRANSLATION"
"viewTheClaim.json","labels.settlementAttempted","Has a settlement tried to be reached?","","NEEDS TRANSLATION"
"viewTheClaim.json","labels.noticeServed","Has notice been served?","","NEEDS TRANSLATION"
"viewTheClaim.json","labels.noticeNotServedReason","Statement of why notice has not been served","","NEEDS TRANSLATION"
"viewTheClaim.json","labels.noticeType","Notice type","","NEEDS TRANSLATION"
"viewTheClaim.json","labels.noticeServiceMethod","Method of service","","NEEDS TRANSLATION"
"viewTheClaim.json","labels.noticeDate","Date notice was served","","NEEDS TRANSLATION"
"viewTheClaim.json","labels.noticeTime","Time notice was served","","NEEDS TRANSLATION"
"viewTheClaim.json","labels.noticePersonName","Name of person the notice was left with","","NEEDS TRANSLATION"
"viewTheClaim.json","labels.noticeEmailAddress","Email address the notice was served to","","NEEDS TRANSLATION"
"viewTheClaim.json","labels.noticeOtherElectronic","Details of how the notice was served by other electronic method","","NEEDS TRANSLATION"
"viewTheClaim.json","labels.noticeOtherMeans","Details of how the notice was served by other means","","NEEDS TRANSLATION"
"viewTheClaim.json","labels.canUploadNotice","Can the claimant upload a copy of the notice served?","","NEEDS TRANSLATION"
"viewTheClaim.json","labels.cannotUploadNoticeReason","Why can the claimant not upload a copy of the notice served?","","NEEDS TRANSLATION"
"viewTheClaim.json","labels.tenancyType","What type of tenancy, occupation contract or licence is in place, or was in place?","","NEEDS TRANSLATION"
"viewTheClaim.json","labels.tenancyCopy","Does the claimant have a copy of the tenancy, occupation contract or licence agreement?","","NEEDS TRANSLATION"
"viewTheClaim.json","labels.tenancyNoCopyReason","Why does the claimant not have a copy of the tenancy, occupation contract or licence agreement?","","NEEDS TRANSLATION"
"viewTheClaim.json","labels.claimantCircumstancesQuestion","Is there any information the claimant wants to provide about their circumstances?","","NEEDS TRANSLATION"
"viewTheClaim.json","labels.claimantCircumstancesDetails","Details of claimant circumstances","","NEEDS TRANSLATION"
"viewTheClaim.json","labels.defendantCircumstancesQuestion","Is there any information the claimant is required to provide, or wants to provide about the defendants’ circumstances?","","NEEDS TRANSLATION"
"viewTheClaim.json","labels.defendantCircumstancesDetails","Details of defendants’ circumstances","","NEEDS TRANSLATION"
"viewTheClaim.json","labels.underlesseeName","Name","","NEEDS TRANSLATION"
"viewTheClaim.json","labels.underlesseeAddress","Address for service","","NEEDS TRANSLATION"
"viewTheClaim.json","labels.demotionQuestion","In the alternative to possession, is the claimant asking the court to order demotion of tenancy?","","NEEDS TRANSLATION"
"viewTheClaim.json","labels.demotionHousingAct","Which section of the Housing Act is the demotion of tenancy claim made under?","","NEEDS TRANSLATION"
"viewTheClaim.json","labels.demotionStatement","Has the claimant served a statement of express terms on the defendants which will apply to the demoted tenancy?","","NEEDS TRANSLATION"
"viewTheClaim.json","labels.demotionDetails","Details of terms","","NEEDS TRANSLATION"
"viewTheClaim.json","labels.demotionReason","Reasons for requesting demotion of tenancy","","NEEDS TRANSLATION"
"viewTheClaim.json","labels.suspensionQuestion","In the alternative to possession, is the claimant asking the court to order suspension of right to buy?","","NEEDS TRANSLATION"
"viewTheClaim.json","labels.suspensionReason","Reasons for requesting a suspension of right to buy","","NEEDS TRANSLATION"
"viewTheClaim.json","labels.prohibitedConductQuestion","Is the claimant seeking an order imposing a prohibited standard contract?","","NEEDS TRANSLATION"
"viewTheClaim.json","labels.prohibitedConductAgreement","Has the claimant and the contract holder agreed terms of the periodic standard contract in addition to those incorporated by statute?","","NEEDS TRANSLATION"
"viewTheClaim.json","labels.prohibitedConductDetails","Details of terms","","NEEDS TRANSLATION"
"viewTheClaim.json","labels.prohibitedConductReason","Why is the claimant making this claim?","","NEEDS TRANSLATION"
"viewTheClaim.json","labels.epcQuestion","Can the claimant upload a copy of the energy performance certificate?","","NEEDS TRANSLATION"
"viewTheClaim.json","labels.epcReason","Why can the claimant not upload a copy of the energy performance certificate?","","NEEDS TRANSLATION"
"viewTheClaim.json","labels.gasQuestion","Can the claimant upload a copy of the current gas safety report?","","NEEDS TRANSLATION"
"viewTheClaim.json","labels.gasReason","Why can the claimant not upload a copy of the current gas safety report?","","NEEDS TRANSLATION"
"viewTheClaim.json","labels.eicrQuestion","Can the claimant upload a copy of the current Electrical Installation Condition Report (EICR)?","","NEEDS TRANSLATION"
"viewTheClaim.json","labels.eicrReason","Why can the claimant not upload a copy of the current Electrical Installation Condition Report (EICR)?","","NEEDS TRANSLATION"
"viewTheClaim.json","labels.noticeDocument","Notice","","NEEDS TRANSLATION"
"viewTheClaim.json","labels.epcDocument","Energy performance certificate","","NEEDS TRANSLATION"
"viewTheClaim.json","labels.gasDocument","Current gas safety report","","NEEDS TRANSLATION"
"viewTheClaim.json","labels.eicrDocument","Electrical Installation Condition Report (EICR)","","NEEDS TRANSLATION"
"viewTheClaim.json","labels.absoluteGrounds","Absolute grounds","","NEEDS TRANSLATION"
"viewTheClaim.json","labels.antiSocialBehaviourGround","Antisocial behaviour","","NEEDS TRANSLATION"
"viewTheClaim.json","labels.antiSocialGround","Antisocial behaviour","","NEEDS TRANSLATION"
"viewTheClaim.json","labels.breachOfTheTenancyGround","Breach of the tenancy","","NEEDS TRANSLATION"
"viewTheClaim.json","labels.breachOfTenancyGround","Breach of the tenancy (ground 1)","","NEEDS TRANSLATION"
"viewTheClaim.json","labels.breachOfTenancyConditionsReason","Breach of tenancy conditions (ground 12)","","NEEDS TRANSLATION"
"viewTheClaim.json","labels.domesticViolenceGround","Domestic violence (ground 2A)","","NEEDS TRANSLATION"
"viewTheClaim.json","labels.domesticViolenceReason","Domestic violence (ground 14A)","","NEEDS TRANSLATION"
"viewTheClaim.json","labels.ownerOccupierReason","Owner occupier (ground 1)","","NEEDS TRANSLATION"
"viewTheClaim.json","labels.studentLetReason","Student let (ground 4)","","NEEDS TRANSLATION"
"viewTheClaim.json","labels.suitableAltAccommodationReason","Suitable alternative accommodation (ground 9)","","NEEDS TRANSLATION"
"viewTheClaim.json","labels.assuredNoArrearsReasonsAntisocialBehaviour","Antisocial behaviour (ground 7A)","","NEEDS TRANSLATION"
"viewTheClaim.json","labels.assuredNoArrearsReasonsBreachOfTenancyConditions","Breach of tenancy conditions (ground 12)","","NEEDS TRANSLATION"
"viewTheClaim.json","labels.assuredNoArrearsReasonsDeathOfTenant","Death of the tenant (ground 7)","","NEEDS TRANSLATION"
"viewTheClaim.json","labels.assuredNoArrearsReasonsDomesticViolence","Domestic violence (ground 14A)","","NEEDS TRANSLATION"
"viewTheClaim.json","labels.assuredNoArrearsReasonsFalseStatement","Tenancy obtained by false statement (ground 17)","","NEEDS TRANSLATION"
"viewTheClaim.json","labels.assuredNoArrearsReasonsFurnitureDeterioration","Deterioration of furniture (ground 15)","","NEEDS TRANSLATION"
"viewTheClaim.json","labels.assuredNoArrearsReasonsHolidayLet","Holiday let (ground 3)","","NEEDS TRANSLATION"
"viewTheClaim.json","labels.assuredNoArrearsReasonsLandlordEmployee","Employee of the landlord (ground 16)","","NEEDS TRANSLATION"
"viewTheClaim.json","labels.assuredNoArrearsReasonsMinisterOfReligion","Property required for minister of religion (ground 5)","","NEEDS TRANSLATION"
"viewTheClaim.json","labels.assuredNoArrearsReasonsNoRightToRent","Tenant does not have a right to rent (ground 7B)","","NEEDS TRANSLATION"
"viewTheClaim.json","labels.assuredNoArrearsReasonsNuisanceOrIllegalUse","Nuisance, annoyance, illegal or immoral use of the property (ground 14)","","NEEDS TRANSLATION"
"viewTheClaim.json","labels.assuredNoArrearsReasonsOffenceDuringRiot","Offence during a riot (ground 14ZA)","","NEEDS TRANSLATION"
"viewTheClaim.json","labels.assuredNoArrearsReasonsOwnerOccupier","Owner occupier (ground 1)","","NEEDS TRANSLATION"
"viewTheClaim.json","labels.assuredNoArrearsReasonsPropertyDeterioration","Deterioration in the condition of the property (ground 13)","","NEEDS TRANSLATION"
"viewTheClaim.json","labels.assuredNoArrearsReasonsRedevelopment","Property required for redevelopment (ground 6)","","NEEDS TRANSLATION"
"viewTheClaim.json","labels.assuredNoArrearsReasonsRepossessionByLender","Repossession by the landlord's mortgage lender (ground 2)","","NEEDS TRANSLATION"
"viewTheClaim.json","labels.assuredNoArrearsReasonsStudentLet","Student let (ground 4)","","NEEDS TRANSLATION"
"viewTheClaim.json","labels.assuredNoArrearsReasonsSuitableAlternativeAccomodation","Suitable alternative accommodation (ground 9)","","NEEDS TRANSLATION"
"viewTheClaim.json","labels.walesFailToGiveUpS170Reason","Failure to give up possession on date specified in contract-holder's notice (section 170)","","NEEDS TRANSLATION"
"viewTheClaim.json","labels.walesFailToGiveUpBreakNoticeS191Reason","Failure to give up possession on date specified in contract-holder's break clause notice (section 191)","","NEEDS TRANSLATION"
"viewTheClaim.json","labels.walesLandlordNoticeFtEndS186Reason","Landlord's notice in connection with end of fixed term given (section 186)","","NEEDS TRANSLATION"
"viewTheClaim.json","labels.walesLandlordBreakClauseS199Reason","Notice given under a landlord's break clause (section 199)","","NEEDS TRANSLATION"
"viewTheClaim.json","labels.walesOtherBreachSection157Reason","Other breach of contract (section 157)","","NEEDS TRANSLATION"
"viewTheClaim.json","labels.walesSecureFailureToGiveUpPossessionSection170Reason","Failure to give up possession on date specified in contract-holder's notice (section 170)","","NEEDS TRANSLATION"
"viewTheClaim.json","labels.walesSecureFailureToGiveUpPossessionSection191Reason","Failure to give up possession on date specified in contract-holder's break clause notice (section 191)","","NEEDS TRANSLATION"
"viewTheClaim.json","labels.walesSecureLandlordNoticeSection186Reason","Landlord's notice in connection with end of fixed term given (section 186)","","NEEDS TRANSLATION"
"viewTheClaim.json","labels.walesSecureLandlordNoticeSection199Reason","Notice given under a landlord's break clause (section 199)","","NEEDS TRANSLATION"
"viewTheClaim.json","labels.walesSecureOtherBreachOfContractReason","Other breach of contract (section 157)","","NEEDS TRANSLATION"
"viewTheResponse.json","caption","The response","","NEEDS TRANSLATION"
"viewTheResponse.json","propertyAddressLabel","Property address:","","NEEDS TRANSLATION"
"viewTheResponse.json","summary.dateIssued","Date issued","","NEEDS TRANSLATION"
"viewTheResponse.json","summary.dateSubmitted","Date submitted","","NEEDS TRANSLATION"
"viewTheResponse.json","sections.claimantDetails","Claimant details","","NEEDS TRANSLATION"
"viewTheResponse.json","sections.defendant1Details","Defendant 1 details","","NEEDS TRANSLATION"
"viewTheResponse.json","sections.additionalDefendantDetails","Additional defendant {{number}} details","","NEEDS TRANSLATION"
"viewTheResponse.json","sections.responseToClaim","Response to the claimant’s claim","","NEEDS TRANSLATION"
"viewTheResponse.json","sections.additionalInformation","Additional information","","NEEDS TRANSLATION"
"viewTheResponse.json","claimantDetails.organisation","Claimant organisation","","NEEDS TRANSLATION"
"viewTheResponse.json","claimantDetails.name","Name","","NEEDS TRANSLATION"
"viewTheResponse.json","claimantDetails.address","Address for service","","NEEDS TRANSLATION"
"viewTheResponse.json","defendant.name","Name","","NEEDS TRANSLATION"
"viewTheResponse.json","defendant.phone","Phone number","","NEEDS TRANSLATION"
"viewTheResponse.json","defendant.address","Postal address","","NEEDS TRANSLATION"
"viewTheResponse.json","defendant.contactPreferences","Contact preferences","","NEEDS TRANSLATION"
"viewTheResponse.json","contactPreference.text","Text message","","NEEDS TRANSLATION"
"viewTheResponse.json","contactPreference.phone","Phone","","NEEDS TRANSLATION"
"viewTheResponse.json","contactPreference.post","Post","","NEEDS TRANSLATION"
"viewTheResponse.json","responseToClaim.disputeClaim","Do you dispute any other parts of the claim?","","NEEDS TRANSLATION"
"viewTheResponse.json","responseToClaim.disputeDetails","Explain which parts of the claim you dispute","","NEEDS TRANSLATION"
"viewTheResponse.json","responseToClaim.claimGrounds","Claim grounds","","NEEDS TRANSLATION"
"viewTheResponse.json","responseToClaim.exemptLandlord","Is your landlord an exempt landlord under Part 1 of the Housing (Wales) Act 2014?","","NEEDS TRANSLATION"
"viewTheResponse.json","responseToClaim.tenancyTypeConfirmation","Is the tenancy, occupation contract or licence agreement type given by the claimant correct?","","NEEDS TRANSLATION"
"viewTheResponse.json","responseToClaim.tenancyType","Corrected tenancy, occupation contract or licence agreement type","","NEEDS TRANSLATION"
"viewTheResponse.json","responseToClaim.tenancyStartDateConfirmation","Is the tenancy, occupation contract or licence agreement start date given by the claimant correct?","","NEEDS TRANSLATION"
"viewTheResponse.json","responseToClaim.tenancyStartDate","Corrected tenancy, occupation contract or licence agreement start date","","NEEDS TRANSLATION"
"viewTheResponse.json","responseToClaim.possessionNoticeReceived","Did the claimant give you notice of their intention to begin possession proceedings?","","NEEDS TRANSLATION"
"viewTheResponse.json","responseToClaim.noticeReceivedDate","When did you receive notice from the claimant?","","NEEDS TRANSLATION"
"viewTheResponse.json","responseToClaim.rentArrearsAmountConfirmation","Is the amount of rent arrears given by the claimant correct?","","NEEDS TRANSLATION"
"viewTheResponse.json","responseToClaim.rentArrearsAmount","Admitted amount owed in rent arrears","","NEEDS TRANSLATION"
"viewTheResponse.json","payments.paymentDetails","Details of payments made","","NEEDS TRANSLATION"
"viewTheResponse.json","payments.repaymentAgreedDetails","Details of repayment agreement","","NEEDS TRANSLATION"
"viewTheResponse.json","household.dependantChildrenDetails","Details of dependent children","","NEEDS TRANSLATION"
"viewTheResponse.json","household.otherDependantDetails","Details of other dependants","","NEEDS TRANSLATION"
"viewTheResponse.json","household.otherTenantsDetails","Details of other adults living in your home?","","NEEDS TRANSLATION"
"viewTheResponse.json","household.alternativeAccommodationDate","When would you be able to move in?","","NEEDS TRANSLATION"
"viewTheResponse.json","household.additionalDetails","Details about your circumstances","","NEEDS TRANSLATION"
"viewTheResponse.json","household.exceptionalHardshipDetails","Details about the exceptional hardship you’d experience","","NEEDS TRANSLATION"
"viewTheResponse.json","income.receivedEvery","Received every","","NEEDS TRANSLATION"
"viewTheResponse.json","debts.paidEvery","Paid every","","NEEDS TRANSLATION"
"viewTheResponse.json","expenses.paidEvery","Paid every","","NEEDS TRANSLATION"
"viewTheResponse.json","additional.otherConsiderationsDetails","Details of what else you want to tell the court","","NEEDS TRANSLATION"
"viewTheResponse.json","counterclaim.againstName","What is the name of the person or organisation you are making the counterclaim against?","","NEEDS TRANSLATION"
"viewTheResponse.json","counterclaim.againstAddress","What's their postal address?","","NEEDS TRANSLATION"
"viewTheResponse.json","counterclaim.hwfReference","Help with Fees reference number","","NEEDS TRANSLATION"
"viewTheResponse.json","incomeFrequencies.WEEKLY","received every week","","NEEDS TRANSLATION"
"viewTheResponse.json","incomeFrequencies.MONTHLY","received every month","","NEEDS TRANSLATION"
"viewTheResponse.json","paymentFrequencies.WEEKLY","paid every week","","NEEDS TRANSLATION"
"viewTheResponse.json","paymentFrequencies.MONTHLY","paid every month","","NEEDS TRANSLATION"
"viewTheResponse.json","statementOfTruth.body","I believe the facts stated in this defence form are true. I understand that proceedings for contempt of court may be brought against anyone who makes, or causes to be made, a false statement in a document verified by a statement of truth without an honest belief in the truth.","","NEEDS TRANSLATION"
"viewTheResponse.json","pdf.heading","Download a PDF copy of the response","","NEEDS TRANSLATION"
"viewTheResponse.json","pdf.linkText","Response (PDF)","","NEEDS TRANSLATION"
"viewTheResponse.json","accordion.summary","If you cannot find a document that you are looking for in this section","","NEEDS TRANSLATION"
"viewTheResponse.json","accordion.body","All documents uploaded by you or the claimant are on the","","NEEDS TRANSLATION"
"viewTheResponse.json","accordion.linkText","Documents page","","NEEDS TRANSLATION"
"viewTheResponse.json","personsUnknown","Persons unknown","","NEEDS TRANSLATION"
"viewTheResponse.json","addressUnknown","Address unknown","","NEEDS TRANSLATION"
