File,Key,English (needs Welsh)
"accessCode.json","errors.respondToClaimUnavailable","The option to respond to a claim is not available at the moment."
"claimList.json","pageTitle","Your Possession Claims account"
"claimList.json","heading","Your Possession Claims account"
"claimList.json","accessYourCase","If a claim you want to view is not listed below, you must first <a href=""/access-your-case"" class=""govuk-link"" target=""_blank"" rel=""noreferrer noopener"">provide some details to access it (opens in new tab)</a>."
"claimList.json","claimsMadeAgainstYou","Claims made against you"
"claimList.json","table.claimNumber","Claim number"
"claimList.json","table.claimantsName","Claimant’s name"
"claimList.json","table.propertyPostcode","Property postcode"
"claimList.json","table.actions","Actions"
"claimList.json","table.viewClaim","View claim"
"claimList.json","noClaimsFound","There are no claims against you."
"common.json","errors.documentUpload.fileTooLargeDocStore","File you have uploaded is too big. Document files must be less than {{maxSize}}."
"common.json","errors.documentUpload.fileTooLargeMedia","File you have uploaded is too big. Image files must be smaller than {{maxSize}}."
"common.json","errors.documentUpload.fileTotalTooLargeDocStore","The selected files must be smaller than {{maxSize}}. Delete one or more files or reduce the file sizes."
"common.json","errors.documentUpload.filenameTooLong","The file name must be {{maxLength}} characters or fewer"
"common.json","errors.documentUpload.uploadFailed","The selected file could not be uploaded – try again"
"common.json","errorPages.pageNotFound.paragraph8","<a class=""govuk-link"" href=""https://www.gov.uk/call-charges"" target=""_blank"" rel=""noopener noreferrer"">Find out about call charges (opens in new tab)</a>."
"common.json","errorPages.serviceUnavailable.paragraph7","<a class=""govuk-link"" href=""https://www.gov.uk/call-charges"" target=""_blank"" rel=""noopener noreferrer"">Find out about call charges (opens in new tab)</a>."
"common.json","errorPages.technicalError.paragraph8","<a class=""govuk-link"" href=""https://www.gov.uk/call-charges"" target=""_blank"" rel=""noopener noreferrer"">Find out about call charges (opens in new tab)</a>."
"common.json","errorPages.accessDenied.paragraph6","<a class=""govuk-link"" href=""https://www.gov.uk/call-charges"" target=""_blank"" rel=""noopener noreferrer"">Find out about call charges (opens in new tab)</a>."
"makeAnApplication/applicationSubmitted.json","paymentBeingProcessed","Payment being processed"
"makeAnApplication/applicationSubmitted.json","adjournRequestReceived","We have received your request to adjourn (delay) the court hearing."
"makeAnApplication/applicationSubmitted.json","setAsideRequestReceived","We have received your request to set aside (cancel) the order."
"makeAnApplication/applicationSubmitted.json","somethingElseRequestReceived","We have received your request to ask the court to make an order."
"makeAnApplication/applicationSubmitted.json","youDoNotNeedToDoAnythingElse","You do not need to do anything else. We will send your application to the judge and we will contact you again when they have made a decision."
"makeAnApplication/applicationSubmitted.json","giveFeedbackAboutThisService","Give feedback about this service"
"makeAnApplication/payForYourApplication.json","pageTitle","Pay for your application"
"makeAnApplication/payForYourApplication.json","heading","Pay for your application"
"makeAnApplication/payForYourApplication.json","applicationFee","Application fee:"
"makeAnApplication/payForYourApplication.json","youWillBeRedirected","You will be redirected to GOV.UK Pay to complete your payment securely."
"makeAnApplication/payForYourApplication.json","govPayIsASecureService","GOV.UK Pay is a secure payment service used by government services."
"makeAnApplication/paymentUnsuccessful.json","pageTitle","Payment unsuccessful"
"makeAnApplication/paymentUnsuccessful.json","yourPaymentWasUnsuccessful","Your payment was unsuccessful"
"makeAnApplication/paymentUnsuccessful.json","youCanTryToMakeACardPayment","You can try to <a href=""{{ payForYourApplicationUrl }}"" class=""govuk-link"">make a card payment</a> again."
"makeAnApplication/whatOrderDoYouWantTheCourtToMakeAndWhy.json","list.SOMETHING_ELSE.0","why you want to add someone to your claim"
"makeAnApplication/whatOrderDoYouWantTheCourtToMakeAndWhy.json","list.SOMETHING_ELSE.1","why you should not be sanctioned (punished)"
"makeAnApplication/whatOrderDoYouWantTheCourtToMakeAndWhy.json","list.SOMETHING_ELSE.2","why you want to transfer to the High Court for enforcement"
"makeAnApplication/whatOrderDoYouWantTheCourtToMakeAndWhy.json","list.ADJOURN.0","you are unable to attend the hearing due a pre-existing medical appointment"
"makeAnApplication/whatOrderDoYouWantTheCourtToMakeAndWhy.json","list.ADJOURN.1","you are attending a funeral"
"respondToClaim/checkYourAnswersDocuments.json","cardTitle","Upload files"
"respondToClaim/checkYourAnswersDocuments.json","rows.uploadedDocuments.label","Uploaded files"
"respondToClaim/checkYourAnswersDocuments.json","rows.uploadedDocuments.changeHidden","uploaded files"
"respondToClaim/checkYourAnswersIncomeAndExpenses.json","frequencies.WEEKLY","every week"
"respondToClaim/checkYourAnswersIncomeAndExpenses.json","frequencies.MONTHLY","every month"
"respondToClaim/checkYourAnswersIncomeAndExpenses.json","incomeFrequencies.WEEKLY","received every week"
"respondToClaim/checkYourAnswersIncomeAndExpenses.json","incomeFrequencies.MONTHLY","received every month"
"respondToClaim/checkYourAnswersIncomeAndExpenses.json","paymentFrequencies.WEEKLY","paid every week"
"respondToClaim/checkYourAnswersIncomeAndExpenses.json","paymentFrequencies.MONTHLY","paid every month"
"respondToClaim/checkYourAnswersIncomeAndExpenses.json","rows.shareIncomeExpenseDetails.changeHidden","share income and expense details"
"respondToClaim/checkYourAnswersIncomeAndExpenses.json","rows.regularIncome.label","What regular income do you receive?"
"respondToClaim/checkYourAnswersIncomeAndExpenses.json","rows.hasAppliedForUniversalCredit.changeHidden","applied for Universal Credit"
"respondToClaim/checkYourAnswersIncomeAndExpenses.json","rows.universalCreditApplicationDate.label","When did you apply for Universal Credit?"
"respondToClaim/checkYourAnswersIncomeAndExpenses.json","rows.universalCreditApplicationDate.changeHidden","Universal Credit application date"
"respondToClaim/checkYourAnswersIncomeAndExpenses.json","rows.priorityDebtTotal.changeHidden","priority debt total"
"respondToClaim/checkYourAnswersIncomeAndExpenses.json","rows.priorityDebtContribution.changeHidden","priority debt contribution"
"respondToClaim/checkYourAnswersIncomeAndExpenses.json","rows.regularExpenses.label","What other regular expenses do you have?"
"respondToClaim/checkYourAnswersIncomeAndExpenses.json","rows.otherConsiderations.changeHidden","other considerations"
"respondToClaim/checkYourAnswersIncomeAndExpenses.json","rows.otherConsiderationsDetails.changeHidden","other considerations details"
"respondToClaim/checkYourAnswersPaymentsAndAgreements.json","cardTitle","Payments and agreements"
"respondToClaim/checkYourAnswersPaymentsAndAgreements.json","rows.paymentDetails.changeHidden","payment details"
"respondToClaim/checkYourAnswersPaymentsAndAgreements.json","rows.repaymentPlanAgreed.changeHidden","repayment agreement"
"respondToClaim/checkYourAnswersPaymentsAndAgreements.json","rows.repaymentAgreedDetails.changeHidden","repayment details"
"respondToClaim/checkYourAnswersPaymentsAndAgreements.json","rows.repayArrearsInstalments.changeHidden","offer to pay in instalments"
"respondToClaim/checkYourAnswersPaymentsAndAgreements.json","rows.installmentAmount.changeHidden","instalment amount"
"respondToClaim/checkYourAnswersPaymentsAndAgreements.json","rows.installmentFrequency.changeHidden","instalment frequency"
"respondToClaim/checkYourAnswersPersonalDetails.json","cardTitle","Personal details"
"respondToClaim/checkYourAnswersPersonalDetails.json","rows.defendantNameConfirmation.label","Is your name {{name}}?"
"respondToClaim/checkYourAnswersPersonalDetails.json","rows.defendantNameConfirmation.changeHidden","name"
"respondToClaim/checkYourAnswersPersonalDetails.json","rows.defendantName.label","Name"
"respondToClaim/checkYourAnswersPersonalDetails.json","rows.defendantName.changeHidden","corrected name"
"respondToClaim/checkYourAnswersPersonalDetails.json","rows.defendantNameCapture.changeHidden","name"
"respondToClaim/checkYourAnswersPersonalDetails.json","rows.dateOfBirth.label","What’s your date of birth?"
"respondToClaim/checkYourAnswersPersonalDetails.json","rows.correspondenceAddressConfirmation.label","Is your postal address {{address}}?"
"respondToClaim/checkYourAnswersPersonalDetails.json","rows.correspondenceAddressConfirmation.changeHidden","postal address"
"respondToClaim/checkYourAnswersPersonalDetails.json","rows.contactByEmailOrPost.changeHidden","how you receive updates"
"respondToClaim/checkYourAnswersPersonalDetails.json","rows.contactByEmailOrPost.options.none","None"
"respondToClaim/checkYourAnswersPersonalDetails.json","rows.contactByPhone.changeHidden","contact by phone"
"respondToClaim/checkYourAnswersPersonalDetails.json","rows.contactDetails.label","Contact details"
"respondToClaim/checkYourAnswersPersonalDetails.json","rows.contactDetails.changeHidden","contact details"
"respondToClaim/checkYourAnswersStartNowAndDetails.json","rows.hasSolicitor.changeHidden","do you have a solicitor"
"respondToClaim/checkYourAnswersYourCircumstances.json","rows.dependantChildrenDetails.changeHidden","dependent children details"
"respondToClaim/checkYourAnswersYourCircumstances.json","rows.otherDependantsDetails.changeHidden","other dependants details"
"respondToClaim/checkYourAnswersYourCircumstances.json","rows.otherTenants.changeHidden","other adults in your home"
"respondToClaim/checkYourAnswersYourCircumstances.json","rows.otherTenantsDetails.changeHidden","other adults details"
"respondToClaim/checkYourAnswersYourCircumstances.json","rows.alternativeAccommodation.changeHidden","alternative accommodation"
"respondToClaim/checkYourAnswersYourCircumstances.json","rows.alternativeAccommodationDate.label","When would you be able to move in?"
"respondToClaim/checkYourAnswersYourCircumstances.json","rows.alternativeAccommodationDate.changeHidden","alternative accommodation move-in date"
"respondToClaim/checkYourAnswersYourCircumstances.json","rows.shareAdditionalCircumstances.changeHidden","additional circumstances"
"respondToClaim/checkYourAnswersYourCircumstances.json","rows.shareAdditionalCircumstancesDetails.changeHidden","additional circumstances details"
"respondToClaim/checkYourAnswersYourCircumstances.json","rows.exceptionalHardshipDetails.changeHidden","exceptional hardship details"
"respondToClaim/checkYourAnswersYourResponse.json","cardTitle","Response"
"respondToClaim/checkYourAnswersYourResponse.json","rows.landlordRegistered.changeHidden","landlord registered"
"respondToClaim/checkYourAnswersYourResponse.json","rows.landlordLicensed.changeHidden","landlord licensed"
"respondToClaim/checkYourAnswersYourResponse.json","rows.tenancyTypeCorrect.changeHidden","tenancy type"
"respondToClaim/checkYourAnswersYourResponse.json","rows.tenancyTypeDetails.changeHidden","corrected tenancy type"
"respondToClaim/checkYourAnswersYourResponse.json","rows.tenancyStartDate.changeHidden","tenancy start date"
"respondToClaim/checkYourAnswersYourResponse.json","rows.tenancyStartDate.confirm.changeHidden","tenancy start date"
"respondToClaim/checkYourAnswersYourResponse.json","rows.tenancyStartDate.correctDate.label","What is the correct start date?"
"respondToClaim/checkYourAnswersYourResponse.json","rows.tenancyStartDate.correctDate.changeHidden","corrected tenancy start date"
"respondToClaim/checkYourAnswersYourResponse.json","rows.tenancyStartDate.labelEntered","When did your tenancy, occupation contract or licence start?"
"respondToClaim/checkYourAnswersYourResponse.json","rows.possessionNoticeReceived.changeHidden","notice received"
"respondToClaim/checkYourAnswersYourResponse.json","rows.noticeReceivedDate.label","When did you receive notice from {{claimantName}}?"
"respondToClaim/checkYourAnswersYourResponse.json","rows.noticeReceivedDate.changeHidden","notice received date"
"respondToClaim/checkYourAnswersYourResponse.json","rows.rentArrearsAmountConfirmation.changeHidden","rent arrears amount"
"respondToClaim/checkYourAnswersYourResponse.json","rows.rentArrearsAmountDetails.changeHidden","rent arrears amount details"
"respondToClaim/checkYourAnswersYourResponse.json","rows.disputeClaim.changeHidden","dispute other parts of the claim"
"respondToClaim/checkYourAnswersYourResponse.json","rows.disputeClaimDetails.changeHidden","dispute details"
"respondToClaim/checkYourAnswersYourResponse.json","rows.makeCounterClaim.changeHidden","make a counterclaim"
"respondToClaim/checkYourAnswersYourResponse.json","rows.counterClaimType.changeHidden","counterclaim type"
"respondToClaim/checkYourAnswersYourResponse.json","rows.isClaimAmountKnown.changeHidden","claim amount known"
"respondToClaim/checkYourAnswersYourResponse.json","rows.claimAmount.changeHidden","claim amount"
"respondToClaim/checkYourAnswersYourResponse.json","rows.estimatedMaxClaimAmount.changeHidden","estimated maximum claim amount"
"respondToClaim/checkYourAnswersYourResponse.json","rows.counterClaimNeedHelpWithFees.changeHidden","help paying the counterclaim fee"
"respondToClaim/checkYourAnswersYourResponse.json","rows.counterClaimAppliedForHwf.changeHidden","applied for help with fees"
"respondToClaim/checkYourAnswersYourResponse.json","rows.counterClaimHwfReference.changeHidden","Help with Fees reference number"
"respondToClaim/checkYourAnswersYourResponse.json","rows.counterClaimFor.changeHidden","counterclaim subject"
"respondToClaim/checkYourAnswersYourResponse.json","rows.counterClaimReasons.changeHidden","counterclaim reasons"
"respondToClaim/checkYourAnswersYourResponse.json","rows.counterClaimAgainst.changeHidden","counterclaim against"
"respondToClaim/checkYourAnswersYourResponse.json","rows.otherOrderRequestDetails.changeHidden","orders requested"
"respondToClaim/checkYourAnswersYourResponse.json","rows.otherOrderRequestFacts.changeHidden","facts for the court"
"respondToClaim/checkYourAnswersYourResponse.json","rows.counterClaimWantToUploadFiles.changeHidden","upload files for counterclaim"
"respondToClaim/checkYourAnswersYourResponse.json","rows.counterClaimDocuments.label","Uploaded files"
"respondToClaim/checkYourAnswersYourResponse.json","rows.counterClaimDocuments.changeHidden","uploaded files for counterclaim"
"respondToClaim/contactPreferencesEmailOrPost.json","content","<p class=""govuk-body"">Important documents like orders will always be sent by post.</p><p class=""govuk-body""> You can choose to receive updates about your case by post or email. For example, when a hearing has been scheduled or a document is ready to view online.</p>"
"respondToClaim/counterClaim.json","whatCounterClaimIsBullet1","a party in the case"
"respondToClaim/counterClaim.json","whatCounterClaimIsBullet2","against a party and someone else that can be considered as part of the same case"
"respondToClaim/counterClaim.json","whatCounterClaimIsLinkText","<a href=""https://england.shelter.org.uk/professional_resources/legal/possession_and_eviction/tenant_defences_to_possession/tenant_defence_and_counterclaim_process"" target=""_blank"" rel=""noopener noreferrer"" class=""govuk-link"">Read guidance on counterclaims from Shelter (opens in new tab)</a>."
"respondToClaim/counterClaim.json","whenMakeCounterClaimBullet1","left the property in a state of disrepair"
"respondToClaim/counterClaim.json","whenMakeCounterClaimBullet2","did not protect your tenancy deposit"
"respondToClaim/counterClaim.json","counterClaimFeesCourtFeesLinkText","<a href=""https://www.gov.uk/government/publications/fees-in-the-civil-and-family-courts-main-fees-ex50/civil-court-fees-ex50"" target=""_blank"" rel=""noopener noreferrer"" class=""govuk-link"">Find out about court fees (opens in new tab)</a>."
"respondToClaim/counterClaimApplicationFeeAmount.json","pageTitle","Pay your counterclaim fee"
"respondToClaim/counterClaimApplicationFeeAmount.json","notApplicable","Not applicable"
"respondToClaim/counterClaimApplicationFeeAmount.json","counterClaimAmountLabel","Counterclaim amount"
"respondToClaim/counterClaimApplicationFeeAmount.json","payNowButton","Pay your counterclaim fee ({{counterClaimFee, currency(currency: GBP)}})"
"respondToClaim/counterClaimApplicationFeeAmount.json","paymentError","We could not start your payment. Try again."
"respondToClaim/counterClaimHaveYouAppliedForHelp.json","revealedHwfQuestionHint","<span class=""govuk-body govuk-!-display-block govuk-!-margin-bottom-1"">You will have received this number when you applied for Help with Fees. This reference must not have been used for a previous application.</span>For example, HWF-A1B-23C"
"respondToClaim/counterClaimPaymentSuccessful.json","pageTitle","Payment successful"
"respondToClaim/counterClaimPaymentSuccessful.json","paragraph1","Your counterclaim fee has been paid and your counterclaim has been submitted."
"respondToClaim/counterClaimPaymentSuccessful.json","paymentReference","Your payment reference number is: {{paymentReference}}"
"respondToClaim/counterClaimSpecificSum.json","specificFeeText","<p class=""govuk-body"">Your counterclaim fee (the fee you will pay to make this counterclaim) depends on the amount you’re claiming for.</p><p class=""govuk-body"">If you want to check how much your fee will be, you can <a href=""https://www.gov.uk/government/publications/fees-in-the-civil-and-family-courts-main-fees-ex50/civil-court-fees-ex50"" class=""govuk-link"" target=""_blank"" rel=""noopener noreferrer"">estimate how much it will cost you to make your counterclaim (opens in new tab)</a></p>"
"respondToClaim/counterClaimSpecificSum.json","noSpecificFeeText","<p class=""govuk-body"">If you do not know the specific sum you’re claiming for, the court needs to know what you believe the maximum value of your claim will be.</p><p class=""govuk-body"">If you do not know the exact amount, give an estimate.</p>"
"respondToClaim/disputeClaimInterstitial.json","listItem1","the tenancy, occupation contract or licence agreement you signed to rent your property"
"respondToClaim/endOfJourneyCya.json","sections.legalAdvice","Legal advice"
"respondToClaim/endOfJourneyCya.json","sections.personalDetails","Personal details"
"respondToClaim/endOfJourneyCya.json","sections.dependantsAndOtherResidents","Dependants and other residents"
"respondToClaim/endOfJourneyCya.json","sections.uploadFiles","Upload files"
"respondToClaim/endOfJourneyCya.json","sections.otherConsiderations","Other considerations"
"respondToClaim/endOfJourneyCya.json","rows.uploadedDocuments.label","Upload any files that you think are relevant to your response"
"respondToClaim/endOfJourneyCya.json","rows.otherConsiderations.changeHidden","whether there is anything else you want to tell the court as part of your response"
"respondToClaim/endOfJourneyCya.json","rows.otherConsiderationsDetails.changeHidden","the details about what else you want to tell the court"
"respondToClaim/endOfJourneyCya.json","rows.languageUsed.changeHidden","which language you used to complete your response"
"respondToClaim/endOfJourneyCya.json","statementOfTruth.hint","Please check all the details you have entered for accuracy."
"respondToClaim/endOfJourneyCya.json","statementOfTruth.beliefOption","I believe that the facts stated in this defence form are true."
"respondToClaim/endOfJourneyCya.json","errors.statementOfTruthContempt","Select if you understand that proceedings for contempt of court may be brought against anyone who makes, or causes to be made, a false statement in a document verified by a statement of truth without an honest belief in its truth"
"respondToClaim/endOfJourneyCya.json","errors.statementOfTruthBelief","Select if you believe that the facts stated in this defence form are true"
"respondToClaim/endOfJourneyCya.json","errors.fullName","Enter your full name"
"respondToClaim/legalrep/confirmationOfNoticeDateWhenNotProvided.json","question","When did the defendant receive notice from {{claimantName}} (optional)?"
"respondToClaim/legalrep/confirmationOfNoticeDateWhenNotProvided.json","errors.date.notRealDate","The date the defendant received notice must be a real date"
"respondToClaim/legalrep/confirmationOfNoticeDateWhenNotProvided.json","errors.date.futureDate","The date the defendant received notice must either be today’s date or in the past"
"respondToClaim/legalrep/confirmationOfNoticeDateWhenNotProvided.json","errors.date.invalidValue","The date the defendant received notice must be a real date"
"respondToClaim/legalrep/confirmationOfNoticeDateWhenNotProvided.json","errors.date.missingOne","The date the defendant received notice must include a {{missingField}}"
"respondToClaim/legalrep/confirmationOfNoticeDateWhenNotProvided.json","errors.date.missingTwo","The date the defendant received notice must include a {{first}} and {{second}}"
"respondToClaim/legalrep/confirmationOfNoticeDateWhenProvided.json","hintText","When making the claim, {{claimantName}} had to say the date they gave the defendant notice (the date of service)."
"respondToClaim/legalrep/confirmationOfNoticeDateWhenProvided.json","listItem1","They served the defendant with a notice seeking possession on {{noticeDate}}"
"respondToClaim/legalrep/confirmationOfNoticeDateWhenProvided.json","question","When did the defendant receive notice from {{claimantName}} (optional)?"
"respondToClaim/legalrep/confirmationOfNoticeDateWhenProvided.json","errors.date.notRealDate","The date the defendant received notice must be a real date"
"respondToClaim/legalrep/confirmationOfNoticeDateWhenProvided.json","errors.date.futureDate","The date the defendant received notice must either be today’s date or in the past"
"respondToClaim/legalrep/confirmationOfNoticeDateWhenProvided.json","errors.date.invalidValue","The date the defendant received notice must be a real date"
"respondToClaim/legalrep/confirmationOfNoticeDateWhenProvided.json","errors.date.missingOne","The date the defendant received notice must include a {{missingField}}"
"respondToClaim/legalrep/confirmationOfNoticeDateWhenProvided.json","errors.date.missingTwo","The date defendant received notice must include a {{first}} and {{second}}"
"respondToClaim/legalrep/confirmationOfNoticeGiven.json","question","Did {{claimantName}} give the defendant notice of their intention to begin possession proceedings?"
"respondToClaim/legalrep/confirmationOfNoticeGiven.json","options.imNotSure","Defendant is not sure"
"respondToClaim/legalrep/confirmationOfNoticeGiven.json","noticeDateLabel","When did the defendant receive notice from {{claimantName}}? (Optional)"
"respondToClaim/legalrep/confirmationOfNoticeGiven.json","errors.possessionNoticeReceived","Select if {{claimantName}} gave the defendant notice of their intention to begin possession proceedings"
"respondToClaim/legalrep/confirmationOfNoticeGiven.json","errors.date.required","The date must include a day, month and year"
"respondToClaim/legalrep/confirmationOfNoticeGiven.json","errors.date.notRealDate","The date must be a real date"
"respondToClaim/legalrep/confirmationOfNoticeGiven.json","errors.date.futureDate","The date must be in the past"
"respondToClaim/legalrep/confirmationOfNoticeGiven.json","errors.date.missingOne","The date must include a {{missingField}}"
"respondToClaim/legalrep/confirmationOfNoticeGiven.json","errors.date.missingTwo","The date must include a {{first}} and {{second}}"
"respondToClaim/legalrep/doAnyOtherAdultsLiveInYourHome.json","dependantQuestion","Do any other adults live in the defendant’s home?"
"respondToClaim/legalrep/doAnyOtherAdultsLiveInYourHome.json","textAreaLabel","Give details about the other adults living in the defendant’s home"
"respondToClaim/legalrep/doAnyOtherAdultsLiveInYourHome.json","errors.confirmOtherAdults","Select if any other adults live in the defendant’s home"
"respondToClaim/legalrep/doAnyOtherAdultsLiveInYourHome.json","errors.otherAdultsDetails","Give details about the other adults living in their home"
"respondToClaim/legalrep/doAnyOtherAdultsLiveInYourHome.json","errors.otherAdultsDetailsInvalidCharacters","Give details about the other adults living in their home must only include letters a to z, and special characters such as hyphens, spaces and apostrophes"
"respondToClaim/legalrep/doYouHaveAnyDependantChildren.json","dependentQuestion","Does the defendant have any dependant children?"
"respondToClaim/legalrep/doYouHaveAnyDependantChildren.json","dependentChildrenDetailsLabel","Give details about their dependant children"
"respondToClaim/legalrep/doYouHaveAnyDependantChildren.json","errors.dependentChildren","Select if they have any dependant children"
"respondToClaim/legalrep/doYouHaveAnyDependantChildren.json","errors.dependentChildrenDetails","Give details about their dependant children"
"respondToClaim/legalrep/doYouHaveAnyOtherDependants.json","dependantQuestion","Does the defendant have any other dependants?"
"respondToClaim/legalrep/doYouHaveAnyOtherDependants.json","otherDependantDetailsLabel","Give details about their other dependants"
"respondToClaim/legalrep/doYouHaveAnyOtherDependants.json","errors.otherDependants","Select if they have any other dependants"
"respondToClaim/legalrep/doYouHaveAnyOtherDependants.json","errors.otherDependantDetails","Give details about their other dependants"
"respondToClaim/legalrep/exceptionalHardship.json","introParagraph1","You can use this section to explain any exceptional hardship the defendant may experience if they were asked to leave their home."
"respondToClaim/legalrep/exceptionalHardship.json","introParagraph3","Any details the defendant provides will be considered by a judge when making their decision, but it is up to them to decide if exceptional hardship applies."
"respondToClaim/legalrep/exceptionalHardship.json","forExample","For example, the defendant might have:"
"respondToClaim/legalrep/exceptionalHardship.json","bullet2","lost their job or been made redundant"
"respondToClaim/legalrep/exceptionalHardship.json","question","Would the defendant experience exceptional hardship if they were asked to leave their home?"
"respondToClaim/legalrep/exceptionalHardship.json","textAreaLabel","Give details about the exceptional hardship the defendant would experience"
"respondToClaim/legalrep/exceptionalHardship.json","errors.exceptionalHardship","Select if the defendant would experience exceptional hardship if they were asked to leave their home"
"respondToClaim/legalrep/exceptionalHardship.json","errors.exceptionalHardshipDetails","Give details about the exceptional hardship the defendant would experience"
"respondToClaim/legalrep/exceptionalHardship.json","errors.exceptionalHardshipDetailsInvalidCharacters","The details of the exceptional hardship the defendant would experience must only include letters a to z, and special characters such as hyphens, spaces and apostrophes"
"respondToClaim/legalrep/haveYouAppliedForUniversalCredit.json","question","Has the defendant applied for Universal Credit?"
"respondToClaim/legalrep/haveYouAppliedForUniversalCredit.json","dateLabel","When did the defendant apply?"
"respondToClaim/legalrep/haveYouAppliedForUniversalCredit.json","errors.haveAppliedForUniversalCredit","Select if the defendant has applied for Universal Credit"
"respondToClaim/legalrep/haveYouAppliedForUniversalCredit.json","errors.date.required","Enter the date the defendant applied for Universal Credit"
"respondToClaim/legalrep/haveYouAppliedForUniversalCredit.json","errors.date.missingOne","The date the defendant applied for Universal Credit must include a {{missingField}}"
"respondToClaim/legalrep/haveYouAppliedForUniversalCredit.json","errors.date.missingTwo","The date the defendant applied for Universal Credit must include a {{first}} and {{second}}"
"respondToClaim/legalrep/haveYouAppliedForUniversalCredit.json","errors.date.notRealDate","The date the defendant applied for Universal Credit must be a real date"
"respondToClaim/legalrep/haveYouAppliedForUniversalCredit.json","errors.date.futureDate","The date the defendant applied for Universal Credit must must either be today’s date or in the past"
"respondToClaim/legalrep/howMuchAffordToPay.json","amountQuestion","How much could the defendant afford to pay in addition to the current rent?"
"respondToClaim/legalrep/howMuchAffordToPay.json","frequencyQuestion","How frequently could the defendant afford to pay this amount?"
"respondToClaim/legalrep/howMuchAffordToPay.json","errors.installmentAmount","Enter how much the defendant could afford to pay in addition to the current rent"
"respondToClaim/legalrep/howMuchAffordToPay.json","errors.installmentAmountMax","The amount the defendant could afford to pay in addition to the current rent must be less than £1 billion"
"respondToClaim/legalrep/howMuchAffordToPay.json","errors.installmentAmountMin","The amount the defendant could afford to pay in addition to the current rent must be £0.00 or above"
"respondToClaim/legalrep/howMuchAffordToPay.json","errors.installmentFrequency","Select how frequently the defendant could afford to pay this amount"
"respondToClaim/legalrep/incomeAndExpenses.json","infoParagraph1","Details about the defendant’s income and expenses can be used by a judge to reach a decision on their case, and also to decide how much they could afford to repay if they have rent arrears."
"respondToClaim/legalrep/incomeAndExpenses.json","infoParagraph2","Providing details about the defendant’s income and expenses is optional."
"respondToClaim/legalrep/incomeAndExpenses.json","infoParagraph3","The claimant will be able to see the defendant’s answers."
"respondToClaim/legalrep/incomeAndExpenses.json","question","Does the defendant want to provide details of their income and expenses?"
"respondToClaim/legalrep/incomeAndExpenses.json","errors.provideFinanceDetails","Select if the defendant wants to provide details of their income and expenses"
"respondToClaim/legalrep/installmentPayments.json","pageTitle","Instalment payments"
"respondToClaim/legalrep/installmentPayments.json","heading","Instalment payments"
"respondToClaim/legalrep/installmentPayments.json","question","Would the defendant like to offer to pay off their arrears in instalments?"
"respondToClaim/legalrep/installmentPayments.json","errors.confirmInstallmentOffer","Select whether the defendant would like to offer to pay off their arrears in instalments"
"respondToClaim/legalrep/landlordLicensed.json","paragraph","You can check if the landlord is licensed by searching the <a href=""https://rentsmart.gov.wales/en/check-register/"" target=""_blank"" rel=""noopener noreferrer"" class=""govuk-link""> Public Register (opens in new tab)</a>."
"respondToClaim/legalrep/landlordLicensed.json","question","Is the landlord licensed?"
"respondToClaim/legalrep/landlordLicensed.json","options.imNotSure","Defendant is not sure"
"respondToClaim/legalrep/landlordLicensed.json","errors.confirmLandlordLicensed","Select if the defendant agrees with the landlord’s claim to be licensed"
"respondToClaim/legalrep/landlordRegistered.json","introText","You can check if the landlord is registered by searching the"
"respondToClaim/legalrep/landlordRegistered.json","question","Is the landlord registered?"
"respondToClaim/legalrep/landlordRegistered.json","options.imNotSure","Defendant is not sure"
"respondToClaim/legalrep/landlordRegistered.json","errors.landlordRegistered","Select if the defendant agrees with the landlord’s claim to be registered"
"respondToClaim/legalrep/nonRentArrearsDispute.json","disputeOtherPartsQuestion","Does the defendant dispute any other parts of the claim?"
"respondToClaim/legalrep/nonRentArrearsDispute.json","disputeDetails.label","Explain which parts of the claim the defendant does not agree with"
"respondToClaim/legalrep/nonRentArrearsDispute.json","errors.disputeOtherParts","Select if the defendant wants to dispute any other parts of the claim"
"respondToClaim/legalrep/nonRentArrearsDispute.json","errors.disputeDetails.required","Enter the parts of the claim the defendant disputes"
"respondToClaim/legalrep/otherConsiderations.json","heading","Other considerations"
"respondToClaim/legalrep/otherConsiderations.json","question","Is there anything else the defendant wants to tell the court as part of their response?"
"respondToClaim/legalrep/otherConsiderations.json","otherConsiderationsDetailsLabel","Give details about what else the defendant wants to tell the court"
"respondToClaim/legalrep/otherConsiderations.json","errors.otherConsiderations","Select if there is anything else the defendant wants to tell the court"
"respondToClaim/legalrep/otherConsiderations.json","errors.otherConsiderationsDetails","Enter details about what the defendant wants to tell the court"
"respondToClaim/legalrep/otherConsiderations.json","errors.otherConsiderationsInvalid","Give details about what else the defendant wants to tell the court must only include letters a to z, and special characters such as hyphens, spaces and apostrophes"
"respondToClaim/legalrep/otherConsiderations.json","errors.otherConsiderationsDetailsMaxLength","Details about what else the defendant wants to tell the court must be 6400 characters or less"
"respondToClaim/legalrep/priorityDebtDetails.json","totalQuestion","What is the total amount the defendant owes for all their priority debts?"
"respondToClaim/legalrep/priorityDebtDetails.json","contributionQuestion","How much does the defendant pay towards their priority debts each week or month?"
"respondToClaim/legalrep/priorityDebtDetails.json","errors.priorityDebtTotal","Enter the total amount the defendant owes for all their priority debts"
"respondToClaim/legalrep/priorityDebtDetails.json","errors.priorityDebtTotalMin","The total amount the defendant owes for all their priority debts must be £0.00 or above"
"respondToClaim/legalrep/priorityDebtDetails.json","errors.priorityDebtTotalMax","The total amount the defendant owes for all their priority debts must be less than £1 billion"
"respondToClaim/legalrep/priorityDebtDetails.json","errors.priorityDebtContribution","Enter the amount the defendant pays towards their priority debts each week or month"
"respondToClaim/legalrep/priorityDebtDetails.json","errors.priorityDebtContributionMin","The amount the defendant pays towards their priority debts each week or month must be £0.00 or above"
"respondToClaim/legalrep/priorityDebtDetails.json","errors.priorityDebtContributionMax","The amount the defendant pays towards their priority debts each week or month must be less than £1 billion"
"respondToClaim/legalrep/priorityDebtDetails.json","errors.priorityDebtContributionFrequency","Select how frequently the defendant pays the amount they entered above"
"respondToClaim/legalrep/priorityDebts.json","paragraph1","Priority debts are debts which could lead to serious consequences if the defendant does not pay them."
"respondToClaim/legalrep/priorityDebts.json","question","Does the defendant have any priority debts?"
"respondToClaim/legalrep/priorityDebts.json","errors.havePriorityDebts","Select if the defendant has any priority debts"
"respondToClaim/legalrep/rentArrearsDispute.json","amountOwedHeading","Amount the defendant owes in rent arrears given by {{claimantName}}:"
"respondToClaim/legalrep/rentArrearsDispute.json","rentArrearsQuestion","Does the defendant owe this amount in rent arrears?"
"respondToClaim/legalrep/rentArrearsDispute.json","rentArrearsOptions.notSure","Defendant is not sure"
"respondToClaim/legalrep/rentArrearsDispute.json","rentArrearsAmountCorrection.label","How much does the defendant believe they owe in rent arrears?"
"respondToClaim/legalrep/rentArrearsDispute.json","errors.rentArrears.required","Select if the defendant owes this amount in rent arrears"
"respondToClaim/legalrep/rentArrearsDispute.json","errors.rentArrearsAmountCorrection.required","Enter the amount the defendant believes they owe in rent arrears"
"respondToClaim/legalrep/rentArrearsDispute.json","errors.rentArrearsAmountCorrection.negativeAmount","The amount the defendant believes they owe in rent arrears must be £0.00 or above"
"respondToClaim/legalrep/rentArrearsDispute.json","errors.rentArrearsAmountCorrection.largeAmount","The amount the defendant believes they owe in rent arrears must be less than £1 billion"
"respondToClaim/legalrep/rentArrearsDispute.json","errors.rentArrearsAmountCorrection.invalidFormat","Enter how much the defendant believes they owe in rent arrears, in the correct format (e.g. if the defendant owes £148, please write £148.00)"
"respondToClaim/legalrep/rentArrearsDispute.json","errors.rentArrears.rentArrearsAmountCorrection","How much does the defendant believe they owe in rent arrears?"
"respondToClaim/legalrep/repaymentsAgreed.json","heading","Repayment agreement"
"respondToClaim/legalrep/repaymentsAgreed.json","repaymentsAgreedQuestion","Has the defendant come to any agreement with {{claimantName}} to repay the arrears since {{dateIssued, ordinalDate}}?"
"respondToClaim/legalrep/repaymentsAgreed.json","options.imNotSure","Defendant is not sure"
"respondToClaim/legalrep/repaymentsAgreed.json","textAreaLabel","Give details about how much they’ve agreed to pay and when"
"respondToClaim/legalrep/repaymentsAgreed.json","textAreaHint","Enter up to 500 characters"
"respondToClaim/legalrep/repaymentsAgreed.json","errors.repaymentsAgreed","Select if the defendant has come to any agreement with {{claimantName}} to repay the arrears since {{dateIssued, ordinalDate}}"
"respondToClaim/legalrep/repaymentsAgreed.json","errors.repaymentsAgreed.repaymentsAgreedDetails","Give details about how much the defendant has agreed to pay, how often the defendant will pay and when the agreement was made"
"respondToClaim/legalrep/repaymentsMade.json","heading","Previous payments"
"respondToClaim/legalrep/repaymentsMade.json","textAreaLabel","Give details about how much the defendant paid and when"
"respondToClaim/legalrep/repaymentsMade.json","errors.repaymentsInfo","Give details about how much the defendant paid and when"
"respondToClaim/legalrep/repaymentsMade.json","errors.confirmRepaymentsMade","Select if the defendant has paid any money to {{claimantName}} since {{dateIssued, ordinalDate}}"
"respondToClaim/legalrep/selectDefendant.json","pageTitle","Representation"
"respondToClaim/legalrep/selectDefendant.json","heading","Representation"
"respondToClaim/legalrep/selectDefendant.json","detailsHeading","If you’re representing more than one defendant in this case, you must submit a separate response for each one."
"respondToClaim/legalrep/selectDefendant.json","selectDefendantLabel","Which defendant are you completing this response on behalf of?"
"respondToClaim/legalrep/selectDefendant.json","errors.selectDefendant","You must select a defendant to represent"
"respondToClaim/legalrep/startNow.json","provideDetailsInfo","This service is also available <a href=""?lang=en"" class=""govuk-link language"">in English</a>."
"respondToClaim/legalrep/startNow.json","hmctsSupportInfo","If you or the defendant need support to use HMCTS services, like step-free access to a court for the hearing, you can request this after you’ve submitted your response."
"respondToClaim/legalrep/tenancyDateDetails.json","bulletPoint","The tenancy, occupation contract or licence began on {{tenancyStartDate}}"
"respondToClaim/legalrep/tenancyDateDetails.json","options.notSure","Defendant is not sure"
"respondToClaim/legalrep/tenancyDateUnknown.json","question","What is the tenancy, occupation contract or licence start date? (Optional)"
"respondToClaim/legalrep/tenancyTypeDetails.json","insetText","When they made their claim, {{orgname}} had to give details about the type of tenancy, occupation contract or licence agreement the defendant signed to rent their property, and the date it began, if known."
"respondToClaim/legalrep/tenancyTypeDetails.json","notSure","Defendant is not sure"
"respondToClaim/legalrep/whatOtherRegularExpensesDoYouHave.json","pageTitle","Expenses"
"respondToClaim/legalrep/whatOtherRegularExpensesDoYouHave.json","heading","Expenses"
"respondToClaim/legalrep/whatOtherRegularExpensesDoYouHave.json","expenseQuestion","What regular monthly expenses does the defendant have? (Optional)"
"respondToClaim/legalrep/whatOtherRegularExpensesDoYouHave.json","hintText","Select all that apply. The information the defendant provides must be truthful and accurate."
"respondToClaim/legalrep/whatOtherRegularExpensesDoYouHave.json","errors.householdBillsAmount.required","Enter the amount the defendant pays for household bills"
"respondToClaim/legalrep/whatOtherRegularExpensesDoYouHave.json","errors.householdBillsAmount.negative","The amount the defendant pays for household bills each week or month must be £0.00 or above"
"respondToClaim/legalrep/whatOtherRegularExpensesDoYouHave.json","errors.householdBillsAmount.largeAmount","The amount the defendant pays for household bills each week or month must be less than £1 billion"
"respondToClaim/legalrep/whatOtherRegularExpensesDoYouHave.json","errors.householdBillsFrequency.required","Select how frequently the defendant pays household bills"
"respondToClaim/legalrep/whatOtherRegularExpensesDoYouHave.json","errors.loanPaymentsAmount.required","Enter the amount the defendant pays for loan payments"
"respondToClaim/legalrep/whatOtherRegularExpensesDoYouHave.json","errors.loanPaymentsAmount.negative","The amount the defendant pays for loan payments each week or month must be £0.00 or above"
"respondToClaim/legalrep/whatOtherRegularExpensesDoYouHave.json","errors.loanPaymentsAmount.largeAmount","The amount the defendant pays for loan payments each week or month must be less than £1 billion"
"respondToClaim/legalrep/whatOtherRegularExpensesDoYouHave.json","errors.loanPaymentsFrequency.required","Select how frequently the defendant makes loan payments"
"respondToClaim/legalrep/whatOtherRegularExpensesDoYouHave.json","errors.childSpousalMaintenanceAmount.required","Enter the amount the defendant pays for child or spousal maintenance"
"respondToClaim/legalrep/whatOtherRegularExpensesDoYouHave.json","errors.childSpousalMaintenanceAmount.negative","The amount the defendant pays for child or spousal maintenance each week or month must be £0.00 or above"
"respondToClaim/legalrep/whatOtherRegularExpensesDoYouHave.json","errors.childSpousalMaintenanceAmount.largeAmount","The amount the defendant pays for child or spousal maintenance each week or month must be less than £1 billion"
"respondToClaim/legalrep/whatOtherRegularExpensesDoYouHave.json","errors.childSpousalMaintenanceFrequency.required","Select how frequently the defendant pays child or spousal maintenance"
"respondToClaim/legalrep/whatOtherRegularExpensesDoYouHave.json","errors.mobilePhoneAmount.required","Enter the amount the defendant pays for a mobile phone"
"respondToClaim/legalrep/whatOtherRegularExpensesDoYouHave.json","errors.mobilePhoneAmount.negative","The amount the defendant pays for a mobile phone each week or month must be £0.00 or above"
"respondToClaim/legalrep/whatOtherRegularExpensesDoYouHave.json","errors.mobilePhoneAmount.largeAmount","The amount the defendant pays for a mobile phone each week or month must be less than £1 billion"
"respondToClaim/legalrep/whatOtherRegularExpensesDoYouHave.json","errors.mobilePhoneFrequency.required","Select how frequently the defendant pays for a mobile phone"
"respondToClaim/legalrep/whatOtherRegularExpensesDoYouHave.json","errors.groceryShoppingAmount.required","Enter the amount the defendant pays for grocery shopping"
"respondToClaim/legalrep/whatOtherRegularExpensesDoYouHave.json","errors.groceryShoppingAmount.negative","The amount the defendant pays for grocery shopping each week or month must be £0.00 or above"
"respondToClaim/legalrep/whatOtherRegularExpensesDoYouHave.json","errors.groceryShoppingAmount.largeAmount","The amount the defendant pays for grocery shopping each week or month must be less than £1 billion"
"respondToClaim/legalrep/whatOtherRegularExpensesDoYouHave.json","errors.groceryShoppingFrequency.required","Select how frequently the defendant pays for grocery shopping"
"respondToClaim/legalrep/whatOtherRegularExpensesDoYouHave.json","errors.fuelParkingTransportAmount.required","Enter the amount the defendant pays for fuel, parking and transport"
"respondToClaim/legalrep/whatOtherRegularExpensesDoYouHave.json","errors.fuelParkingTransportAmount.negative","The amount the defendant pays for fuel, parking and transport each week or month must be £0.00 or above"
"respondToClaim/legalrep/whatOtherRegularExpensesDoYouHave.json","errors.fuelParkingTransportAmount.largeAmount","The amount the defendant pays for fuel, parking and transport each week or month must be less than £1 billion"
"respondToClaim/legalrep/whatOtherRegularExpensesDoYouHave.json","errors.fuelParkingTransportFrequency.required","Select how frequently the defendant pays for fuel, parking and transport"
"respondToClaim/legalrep/whatOtherRegularExpensesDoYouHave.json","errors.schoolCostsAmount.required","Enter the amount the defendant pays for school costs"
"respondToClaim/legalrep/whatOtherRegularExpensesDoYouHave.json","errors.schoolCostsAmount.negative","The amount the defendant pays for school costs each week or month must be £0.00 or above"
"respondToClaim/legalrep/whatOtherRegularExpensesDoYouHave.json","errors.schoolCostsAmount.largeAmount","The amount the defendant pays for school costs each week or month must be less than £1 billion"
"respondToClaim/legalrep/whatOtherRegularExpensesDoYouHave.json","errors.schoolCostsFrequency.required","Select how frequently the defendant pays school costs"
"respondToClaim/legalrep/whatOtherRegularExpensesDoYouHave.json","errors.clothingAmount.required","Enter the amount the defendant pays for clothing"
"respondToClaim/legalrep/whatOtherRegularExpensesDoYouHave.json","errors.clothingAmount.negative","The amount the defendant pays for clothing each week or month must be £0.00 or above"
"respondToClaim/legalrep/whatOtherRegularExpensesDoYouHave.json","errors.clothingAmount.largeAmount","The amount the defendant pays for clothing each week or month must be less than £1 billion"
"respondToClaim/legalrep/whatOtherRegularExpensesDoYouHave.json","errors.clothingFrequency.required","Select how frequently the defendant pays for clothing"
"respondToClaim/legalrep/whatOtherRegularExpensesDoYouHave.json","errors.otherExpensesAmount.required","Enter the amount the defendant pays for other regular expenses"
"respondToClaim/legalrep/whatOtherRegularExpensesDoYouHave.json","errors.otherExpensesAmount.negative","The amount the defendant pays for other expenses each week or month must be £0.00 or above"
"respondToClaim/legalrep/whatOtherRegularExpensesDoYouHave.json","errors.otherExpensesAmount.largeAmount","The amount the defendant pays for other expenses each week or month must be less than £1 billion"
"respondToClaim/legalrep/whatOtherRegularExpensesDoYouHave.json","errors.otherExpensesFrequency.required","Select how frequently the defendant pays for other expenses"
"respondToClaim/legalrep/whatRegularIncomeDoYouReceive.json","heading","Income"
"respondToClaim/legalrep/whatRegularIncomeDoYouReceive.json","incomeQuestion","What regular income does the defendant receive? (Optional)"
"respondToClaim/legalrep/whatRegularIncomeDoYouReceive.json","hintText","Select all that apply. The information the defendant provides must be truthful and accurate."
"respondToClaim/legalrep/whatRegularIncomeDoYouReceive.json","options.incomeFromJobs","Income from all jobs they do"
"respondToClaim/legalrep/whatRegularIncomeDoYouReceive.json","options.moneyFromElsewhere","Money from somewhere else (for example, child maintenance payments or someone in the defendant’s household gives them money)"
"respondToClaim/legalrep/whatRegularIncomeDoYouReceive.json","subFields.moneyFromElsewhereDetailsHint","Give details about the other sources of income and how much the defendant usually receives a month"
"respondToClaim/legalrep/whatRegularIncomeDoYouReceive.json","errors.incomeFromJobsAmount.required","Enter the total amount the defendant receives from all jobs they do"
"respondToClaim/legalrep/whatRegularIncomeDoYouReceive.json","errors.incomeFromJobsAmount.negative","The total amount the defendant receives from all jobs they do each week or month must be £0.00 or above"
"respondToClaim/legalrep/whatRegularIncomeDoYouReceive.json","errors.incomeFromJobsAmount.largeAmount","The total amount the defendant receives from all jobs you do each week or month must be less than £1 billion"
"respondToClaim/legalrep/whatRegularIncomeDoYouReceive.json","errors.incomeFromJobsFrequency.required","Select how frequently the defendant receives income from all jobs they do"
"respondToClaim/legalrep/whatRegularIncomeDoYouReceive.json","errors.pensionAmount.required","Enter the total amount the defendant receives from a state or private pension"
"respondToClaim/legalrep/whatRegularIncomeDoYouReceive.json","errors.pensionAmount.negative","The total amount the defendant receives from pension (state and private) each week or month must be £0.00 or above"
"respondToClaim/legalrep/whatRegularIncomeDoYouReceive.json","errors.pensionAmount.largeAmount","The total amount the defendant receives from pension (state and private) each week or month must be less than £1 billion"
"respondToClaim/legalrep/whatRegularIncomeDoYouReceive.json","errors.pensionFrequency.required","Select how frequently the defendant receives income from a state or private pension"
"respondToClaim/legalrep/whatRegularIncomeDoYouReceive.json","errors.universalCreditAmount.required","Enter the total amount the defendant receives from Universal Credit"
"respondToClaim/legalrep/whatRegularIncomeDoYouReceive.json","errors.universalCreditAmount.negative","The total amount the defendant receives from Universal Credit each week or month must be £0.00 or above"
"respondToClaim/legalrep/whatRegularIncomeDoYouReceive.json","errors.universalCreditAmount.largeAmount","The total amount the defendsnt receives from Universal Credit each week or month must be less than £1 billion"
"respondToClaim/legalrep/whatRegularIncomeDoYouReceive.json","errors.universalCreditFrequency.required","Select how frequently the defendant receives Universal Credit"
"respondToClaim/legalrep/whatRegularIncomeDoYouReceive.json","errors.otherBenefitsAmount.required","Enter the total amount the defendant receives from other benefits and credits"
"respondToClaim/legalrep/whatRegularIncomeDoYouReceive.json","errors.otherBenefitsAmount.negative","The total amount the defendant receives from other benefits and credit each week or month must be £0.00 or above"
"respondToClaim/legalrep/whatRegularIncomeDoYouReceive.json","errors.otherBenefitsAmount.largeAmount","The total amount the defendant receives from other benefits and credit each week or month must be less than £1 billion"
"respondToClaim/legalrep/whatRegularIncomeDoYouReceive.json","errors.otherBenefitsFrequency.required","Select how frequently the defendant receives income from other benefits and credits"
"respondToClaim/legalrep/whatRegularIncomeDoYouReceive.json","errors.moneyFromElsewhereDetails.required","Enter details about the money the defendant received from somewhere else and how much the defendant usually receives"
"respondToClaim/legalrep/whatRegularIncomeDoYouReceive.json","errors.moneyFromElsewhereDetails.invalidCharacters","Give details about the other sources of income and how much the defendant usually receives must only include letters a to z, and special characters such as hyphens, spaces and apostrophes"
"respondToClaim/legalrep/wouldYouHaveSomewhereElseToLiveIfYouHadToLeaveYourHome.json","heading","Alternative accommodation"
"respondToClaim/legalrep/wouldYouHaveSomewhereElseToLiveIfYouHadToLeaveYourHome.json","accommodationQuestion","Would the defendant have somewhere else to live if they had to leave their home?"
"respondToClaim/legalrep/wouldYouHaveSomewhereElseToLiveIfYouHadToLeaveYourHome.json","dateLabel","When would they be able to move in? (Optional)"
"respondToClaim/legalrep/wouldYouHaveSomewhereElseToLiveIfYouHadToLeaveYourHome.json","options.notSure","Defendant is not sure"
"respondToClaim/legalrep/wouldYouHaveSomewhereElseToLiveIfYouHadToLeaveYourHome.json","errors.date.notRealDate","The date the defendant would be able to move in must be a real date "
"respondToClaim/legalrep/wouldYouHaveSomewhereElseToLiveIfYouHadToLeaveYourHome.json","errors.date.pastDate","The date the defendant would be able to move in must be in the future"
"respondToClaim/legalrep/wouldYouHaveSomewhereElseToLiveIfYouHadToLeaveYourHome.json","errors.date.invalidValue","The date the defendant would be able to move in must be a real date "
"respondToClaim/legalrep/wouldYouHaveSomewhereElseToLiveIfYouHadToLeaveYourHome.json","errors.date.missingOne","The date the defendant would be able to move in must include a {{missingField}}"
"respondToClaim/legalrep/wouldYouHaveSomewhereElseToLiveIfYouHadToLeaveYourHome.json","errors.date.missingTwo","The date the defendant would be able to move in must include a {{first}} and {{second}}"
"respondToClaim/legalrep/wouldYouHaveSomewhereElseToLiveIfYouHadToLeaveYourHome.json","errors.confirmAlternativeAccommodation","Select if the defendant would have somewhere else to live if they had to leave their home"
"respondToClaim/legalrep/writtenTerms.json","introText","It is required under the Renting Homes Wales Act 2016 for a landlord to send the defendant written terms of the occupation contract."
"respondToClaim/legalrep/writtenTerms.json","question","Has the landlord sent the defendant written terms of the occupation contract?"
"respondToClaim/legalrep/writtenTerms.json","termsQuestion","Has the landlord sent the defendant written terms of the occupation contract?"
"respondToClaim/legalrep/writtenTerms.json","options.imNotSure","Defendant is not sure"
"respondToClaim/legalrep/writtenTerms.json","errors.writtenTerms","Select if the landlord has sent the defendant written terms of the occupation contract"
"respondToClaim/legalrep/yourCircumstances.json","pageTitle","Circumstances"
"respondToClaim/legalrep/yourCircumstances.json","introParagraph","Use this section to give details about any events or circumstances that have impacted the defendant’s case that a judge should know about."
"respondToClaim/legalrep/yourCircumstances.json","bullet1","someone in the defendant’s household has an illness or disability"
"respondToClaim/legalrep/yourCircumstances.json","bullet2","children in the defendant’s household attend a local school"
"respondToClaim/legalrep/yourCircumstances.json","bullet3","the defendant works irregular hours, making it hard to find a new place to live"
"respondToClaim/legalrep/yourCircumstances.json","circumstanceQuestion","Would you like to share anything about the defendant’s circumstances?"
"respondToClaim/legalrep/yourCircumstances.json","textAreaLabel","Give details about the defendant’s circumstances"
"respondToClaim/legalrep/yourCircumstances.json","errors.shareCircumstances","Select if the defendant would like to share anything about their circumstances"
"respondToClaim/legalrep/yourCircumstances.json","errors.circumstancesDetails","Give details about the defendant’s circumstances"
"respondToClaim/legalrep/yourCircumstances.json","errors.circumstancesDetailsInvalidCharacters","The details of their circumstances must only include letters a to z, and special characters such as hyphens, spaces and apostrophes"
"respondToClaim/reasonableAdjustmentsTriage.json","askingForReasonableAdjustmentListItem1","step-free access to the court"
"respondToClaim/reasonableAdjustmentsTriage.json","askingForReasonableAdjustmentListItem2","bringing support with you to the hearing, like an assistance dog"
"respondToClaim/reasonableAdjustmentsTriage.json","askingForReasonableAdjustmentListItem3","documents in an alternative format, like large print"
"respondToClaim/reasonableAdjustmentsTriage.json","askingForReasonableAdjustmentListItem4","regular breaks during a hearing to make you feel more comfortable"
"respondToClaim/reasonableAdjustmentsTriage.json","askingForSomethingElseListItem1","communication and documents in Welsh or to speak Welsh at your hearing"
"respondToClaim/reasonableAdjustmentsTriage.json","askingForSomethingElseListItem2","a language interpreter"
"respondToClaim/reasonableAdjustmentsTriage.json","askingForSomethingElseListItem3","special measures, like giving evidence in private, because you’re vulnerable"
"respondToClaim/responseSubmitted.json","responseSubmittedListItem2","Some people need support to use HMCTS services, like step-free access to a court for a hearing. If you need support and have not already asked for it in your response, contact us. Use the ‘Contact us for help’ link on this page.</a>."
"respondToClaim/responseSubmittedCounterClaimFeePaymentNeeded.json","pageTitle","Response submitted. You must pay your counterclaim fee"
"respondToClaim/responseSubmittedCounterClaimFeePaymentNeeded.json","responseSubmittedCounterClaimFeePaymentNeededListItem1","<a href='{{counterClaimApplicationFeeAmountUrl}}'>Pay your counterclaim fee</a>. If you do not, your counterclaim will not be considered."
"respondToClaim/uploadDocument.json","heading","Upload files (optional)"
"respondToClaim/uploadDocument.json","guidanceText","Upload any files that you think are relevant to your response. The claimant will be able to see the files you upload."
"respondToClaim/uploadDocument.json","beforeUploadHeading","Before you upload your files"
"respondToClaim/uploadDocument.json","beforeUploadText","Give your file a name that explains what it is. For example, 'Receipt of payment from Jane Smith'"
"uploadAdditionalDocuments/checkYourAnswers.json","errors.submitFailed","Your files were not submitted. Try again."
"uploadAdditionalDocuments/confirmIfTheseDocumentsRelateToAnApplication.json","applicationOptionSuspend","Yes, the documents I’m uploading relate to the application to suspend the eviction - submitted on {{date}}"
"uploadAdditionalDocuments/documentsUploaded.json","pageTitle","Documents uploaded"
"uploadAdditionalDocuments/documentsUploaded.json","panelTitle","Documents uploaded"
"uploadAdditionalDocuments/documentsUploaded.json","confirmationBody","We have received the documents you uploaded"
"uploadAdditionalDocuments/documentsUploaded.json","whatHappensNext.body","You do not need to do anything else. We will review the documents."
"uploadAdditionalDocuments/startEvidenceUpload.json","exampleBullet1","evidence that a judge has asked for, like bank statements showing your rent payments"
"uploadAdditionalDocuments/startEvidenceUpload.json","exampleBullet2","photographs of the property in a state of disrepair, like damp in the bathroom"
"uploadAdditionalDocuments/startEvidenceUpload.json","exampleBullet3","a report from an electrician or a plumber, showing evidence of a repair that needs to be done"
"uploadAdditionalDocuments/startEvidenceUpload.json","exampleBullet4","emails or letters from the claimant (your landlord, housing association, or mortgage lender)"
"uploadAdditionalDocuments/uploadYourDocuments.json","guidanceText","You should only upload documents that are relevant to the claim."
"uploadAdditionalDocuments/uploadYourDocuments.json","beforeUploadText","Before you upload the document, give it a name that tells the court what it is, for example ‘witness statement’, or ‘tenancy agreement’."
"uploadAdditionalDocuments/uploadYourDocuments.json","errors.documents.required","Select a file"
"viewTheClaim.json","theClaimEyebrow","The claim"
"viewTheClaim.json","introTextFallback","A property possession claim has been made against you. These are the claimant's answers to the questions they were asked when making their claim."
"viewTheClaim.json","propertyAddressLabel","Property address:"
"viewTheClaim.json","dateIssued","Date issued"
"viewTheClaim.json","dateSubmitted","Date submitted"
"viewTheClaim.json","claimPdfSectionTitle","Download a PDF copy of the claim"
"viewTheClaim.json","claimPdfLabel","Claim (PDF)"
"viewTheClaim.json","documentsHelpSummary","If you cannot find a document that you are looking for in this section"
"viewTheClaim.json","documentsHelpText","All documents uploaded by you or the claimant are on the Documents page."
"viewTheClaim.json","documentsHelpTextBeforeLink","All documents uploaded by you or the claimant are on the"
"viewTheClaim.json","documentsHelpLinkText","Documents page"
"viewTheClaim.json","personsUnknown","Persons unknown"
"viewTheClaim.json","addressUnknown","Address unknown"
"viewTheClaim.json","statementOfTruthBody","I believe the facts stated in this claim form are true. I understand that proceedings for contempt of court may be brought against anyone who makes, or causes to be made, a false statement in a document verified by a statement of truth without an honest belief in its truth."
"viewTheClaim.json","sections.claimantDetails","Claimant details"
"viewTheClaim.json","sections.defendantDetails","Defendant 1 details"
"viewTheClaim.json","sections.additionalDefendantDetails","Additional defendant {{number}} details"
"viewTheClaim.json","sections.claimDetails","Claim details"
"viewTheClaim.json","sections.asb","Alleged antisocial behaviour and illegal or prohibited conduct"
"viewTheClaim.json","sections.rentArrears","Details of rent arrears"
"viewTheClaim.json","sections.actionTaken","Action already taken by the claimant"
"viewTheClaim.json","sections.tenancyDetails","Tenancy, occupation contract or licence details"
"viewTheClaim.json","sections.claimantCircumstances","Claimant circumstances"
"viewTheClaim.json","sections.defendantCircumstances","Defendants’ circumstances"
"viewTheClaim.json","sections.underlesseeTriage","Underlessees or mortgagees entitled to claim relief against forfeiture"
"viewTheClaim.json","sections.underlesseeDetails","Underlessee or mortgagee 1 details"
"viewTheClaim.json","sections.additionalUnderlesseeDetails","Additional underlessee or mortgagee {{number}} details"
"viewTheClaim.json","sections.demotion","Demotion of tenancy"
"viewTheClaim.json","sections.suspension","Suspension of right to buy"
"viewTheClaim.json","sections.prohibitedConduct","Prohibited conduct standard contract"
"viewTheClaim.json","sections.requiredDocuments","Required documents"
"viewTheClaim.json","labels.claimantName","Name"
"viewTheClaim.json","labels.addressForService","Address for service"
"viewTheClaim.json","labels.isExemptLandlord","Is the claimant an exempt landlord under Part 1 of the Housing (Wales) Act 2014?"
"viewTheClaim.json","labels.defendantName","Name"
"viewTheClaim.json","labels.defendantNameKnown","Additional defendant’s name known?"
"viewTheClaim.json","labels.defendantAddressKnown","Additional defendant’s address for service known?"
"viewTheClaim.json","labels.claimantType","Claimant type"
"viewTheClaim.json","labels.trespassClaim","Is your claim a trespass claim?"
"viewTheClaim.json","labels.propertyAddress","Address of the property the claimant is seeking possession of"
"viewTheClaim.json","labels.hasGrounds","Does the claimant have grounds for possession?"
"viewTheClaim.json","labels.groundsForPossession","Grounds for possession"
"viewTheClaim.json","labels.descriptionOfGrounds","Description of grounds"
"viewTheClaim.json","labels.reasonForGround","Reason for claiming possession under ground {{ground}}"
"viewTheClaim.json","labels.whyClaimingPossession","Why is the claimant claiming possession?"
"viewTheClaim.json","labels.otherInfoAboutReasons","Is there any other information the claimant wants to provide about their reasons for possession?"
"viewTheClaim.json","labels.additionalReasons","Additional reasons for possession"
"viewTheClaim.json","labels.isASB","Is it alleged that there is actual or threatened antisocial behaviour?"
"viewTheClaim.json","labels.asbDetails","Details of alleged actual or threatened antisocial behaviour"
"viewTheClaim.json","labels.isIllegalPurposes","Is it alleged that there is actual or threatened use of the premises for illegal purposes?"
"viewTheClaim.json","labels.illegalPurposesDetails","Details of alleged actual or threatened use of the premises for illegal purposes"
"viewTheClaim.json","labels.isOtherProhibitedConduct","Is it alleged that there has been other prohibited conduct?"
"viewTheClaim.json","labels.otherProhibitedConductDetails","Details of other alleged prohibited conduct"
"viewTheClaim.json","labels.rentAmount","Rent amount"
"viewTheClaim.json","labels.howIsRentCalculated","How is rent calculated?"
"viewTheClaim.json","labels.totalRentArrears","Total rent arrears at time of issue"
"viewTheClaim.json","labels.previousSteps","Have there been previous steps taken to recover rent arrears?"
"viewTheClaim.json","labels.previousStepsDetails","Details of previous steps taken to recover rent arrears"
"viewTheClaim.json","labels.judgmentRequested","Judgment requested for the outstanding arrears?"
"viewTheClaim.json","labels.preActionProtocol","Has the pre-action protocol been followed?"
"viewTheClaim.json","labels.preActionProtocolReason","Why has the pre-action protocol not been followed?"
"viewTheClaim.json","labels.mediationAttempted","Has mediation been attempted?"
"viewTheClaim.json","labels.settlementAttempted","Has a settlement tried to be reached?"
"viewTheClaim.json","labels.noticeServed","Has notice been served?"
"viewTheClaim.json","labels.noticeNotServedReason","Statement of why notice has not been served"
"viewTheClaim.json","labels.noticeType","Notice type"
"viewTheClaim.json","labels.noticeServiceMethod","Method of service"
"viewTheClaim.json","labels.noticeDate","Date notice was served"
"viewTheClaim.json","labels.noticeTime","Time notice was served"
"viewTheClaim.json","labels.noticePersonName","Name of person the notice was left with"
"viewTheClaim.json","labels.noticeEmailAddress","Email address the notice was served to"
"viewTheClaim.json","labels.noticeOtherElectronic","Details of how the notice was served by other electronic method"
"viewTheClaim.json","labels.noticeOtherMeans","Details of how the notice was served by other means"
"viewTheClaim.json","labels.canUploadNotice","Can the claimant upload a copy of the notice served?"
"viewTheClaim.json","labels.cannotUploadNoticeReason","Why can the claimant not upload a copy of the notice served?"
"viewTheClaim.json","labels.tenancyType","What type of tenancy, occupation contract or licence is in place, or was in place?"
"viewTheClaim.json","labels.tenancyCopy","Does the claimant have a copy of the tenancy, occupation contract or licence agreement?"
"viewTheClaim.json","labels.tenancyNoCopyReason","Why does the claimant not have a copy of the tenancy, occupation contract or licence agreement?"
"viewTheClaim.json","labels.claimantCircumstancesQuestion","Is there any information the claimant wants to provide about their circumstances?"
"viewTheClaim.json","labels.claimantCircumstancesDetails","Details of claimant circumstances"
"viewTheClaim.json","labels.defendantCircumstancesQuestion","Is there any information the claimant is required to provide, or wants to provide about the defendants’ circumstances?"
"viewTheClaim.json","labels.defendantCircumstancesDetails","Details of defendants’ circumstances"
"viewTheClaim.json","labels.underlesseeName","Name"
"viewTheClaim.json","labels.underlesseeAddress","Address for service"
"viewTheClaim.json","labels.demotionQuestion","In the alternative to possession, is the claimant asking the court to order demotion of tenancy?"
"viewTheClaim.json","labels.demotionHousingAct","Which section of the Housing Act is the demotion of tenancy claim made under?"
"viewTheClaim.json","labels.demotionStatement","Has the claimant served a statement of express terms on the defendants which will apply to the demoted tenancy?"
"viewTheClaim.json","labels.demotionDetails","Details of terms"
"viewTheClaim.json","labels.demotionReason","Reasons for requesting demotion of tenancy"
"viewTheClaim.json","labels.suspensionQuestion","In the alternative to possession, is the claimant asking the court to order suspension of right to buy?"
"viewTheClaim.json","labels.suspensionReason","Reasons for requesting a suspension of right to buy"
"viewTheClaim.json","labels.prohibitedConductQuestion","Is the claimant seeking an order imposing a prohibited standard contract?"
"viewTheClaim.json","labels.prohibitedConductAgreement","Has the claimant and the contract holder agreed terms of the periodic standard contract in addition to those incorporated by statute?"
"viewTheClaim.json","labels.prohibitedConductDetails","Details of terms"
"viewTheClaim.json","labels.prohibitedConductReason","Why is the claimant making this claim?"
"viewTheClaim.json","labels.epcQuestion","Can the claimant upload a copy of the energy performance certificate?"
"viewTheClaim.json","labels.epcReason","Why can the claimant not upload a copy of the energy performance certificate?"
"viewTheClaim.json","labels.gasQuestion","Can the claimant upload a copy of the current gas safety report?"
"viewTheClaim.json","labels.gasReason","Why can the claimant not upload a copy of the current gas safety report?"
"viewTheClaim.json","labels.eicrQuestion","Can the claimant upload a copy of the current Electrical Installation Condition Report (EICR)?"
"viewTheClaim.json","labels.eicrReason","Why can the claimant not upload a copy of the current Electrical Installation Condition Report (EICR)?"
"viewTheClaim.json","labels.noticeDocument","Notice"
"viewTheClaim.json","labels.epcDocument","Energy performance certificate"
"viewTheClaim.json","labels.gasDocument","Current gas safety report"
"viewTheClaim.json","labels.eicrDocument","Electrical Installation Condition Report (EICR)"
"viewTheClaim.json","labels.absoluteGrounds","Absolute grounds"
"viewTheClaim.json","labels.antiSocialBehaviourGround","Antisocial behaviour"
"viewTheClaim.json","labels.antiSocialGround","Antisocial behaviour"
"viewTheClaim.json","labels.breachOfTheTenancyGround","Breach of the tenancy"
"viewTheClaim.json","labels.breachOfTenancyGround","Breach of the tenancy (ground 1)"
"viewTheClaim.json","labels.breachOfTenancyConditionsReason","Breach of tenancy conditions (ground 12)"
"viewTheClaim.json","labels.domesticViolenceGround","Domestic violence (ground 2A)"
"viewTheClaim.json","labels.domesticViolenceReason","Domestic violence (ground 14A)"
"viewTheClaim.json","labels.ownerOccupierReason","Owner occupier (ground 1)"
"viewTheClaim.json","labels.studentLetReason","Student let (ground 4)"
"viewTheClaim.json","labels.suitableAltAccommodationReason","Suitable alternative accommodation (ground 9)"
"viewTheClaim.json","labels.assuredNoArrearsReasonsAntisocialBehaviour","Antisocial behaviour (ground 7A)"
"viewTheClaim.json","labels.assuredNoArrearsReasonsBreachOfTenancyConditions","Breach of tenancy conditions (ground 12)"
"viewTheClaim.json","labels.assuredNoArrearsReasonsDeathOfTenant","Death of the tenant (ground 7)"
"viewTheClaim.json","labels.assuredNoArrearsReasonsDomesticViolence","Domestic violence (ground 14A)"
"viewTheClaim.json","labels.assuredNoArrearsReasonsFalseStatement","Tenancy obtained by false statement (ground 17)"
"viewTheClaim.json","labels.assuredNoArrearsReasonsFurnitureDeterioration","Deterioration of furniture (ground 15)"
"viewTheClaim.json","labels.assuredNoArrearsReasonsHolidayLet","Holiday let (ground 3)"
"viewTheClaim.json","labels.assuredNoArrearsReasonsLandlordEmployee","Employee of the landlord (ground 16)"
"viewTheClaim.json","labels.assuredNoArrearsReasonsMinisterOfReligion","Property required for minister of religion (ground 5)"
"viewTheClaim.json","labels.assuredNoArrearsReasonsNoRightToRent","Tenant does not have a right to rent (ground 7B)"
"viewTheClaim.json","labels.assuredNoArrearsReasonsNuisanceOrIllegalUse","Nuisance, annoyance, illegal or immoral use of the property (ground 14)"
"viewTheClaim.json","labels.assuredNoArrearsReasonsOffenceDuringRiot","Offence during a riot (ground 14ZA)"
"viewTheClaim.json","labels.assuredNoArrearsReasonsOwnerOccupier","Owner occupier (ground 1)"
"viewTheClaim.json","labels.assuredNoArrearsReasonsPropertyDeterioration","Deterioration in the condition of the property (ground 13)"
"viewTheClaim.json","labels.assuredNoArrearsReasonsRedevelopment","Property required for redevelopment (ground 6)"
"viewTheClaim.json","labels.assuredNoArrearsReasonsRepossessionByLender","Repossession by the landlord's mortgage lender (ground 2)"
"viewTheClaim.json","labels.assuredNoArrearsReasonsStudentLet","Student let (ground 4)"
"viewTheClaim.json","labels.assuredNoArrearsReasonsSuitableAlternativeAccomodation","Suitable alternative accommodation (ground 9)"
"viewTheClaim.json","labels.walesFailToGiveUpS170Reason","Failure to give up possession on date specified in contract-holder's notice (section 170)"
"viewTheClaim.json","labels.walesFailToGiveUpBreakNoticeS191Reason","Failure to give up possession on date specified in contract-holder's break clause notice (section 191)"
"viewTheClaim.json","labels.walesLandlordNoticeFtEndS186Reason","Landlord's notice in connection with end of fixed term given (section 186)"
"viewTheClaim.json","labels.walesLandlordBreakClauseS199Reason","Notice given under a landlord's break clause (section 199)"
"viewTheClaim.json","labels.walesOtherBreachSection157Reason","Other breach of contract (section 157)"
"viewTheClaim.json","labels.walesSecureFailureToGiveUpPossessionSection170Reason","Failure to give up possession on date specified in contract-holder's notice (section 170)"
"viewTheClaim.json","labels.walesSecureFailureToGiveUpPossessionSection191Reason","Failure to give up possession on date specified in contract-holder's break clause notice (section 191)"
"viewTheClaim.json","labels.walesSecureLandlordNoticeSection186Reason","Landlord's notice in connection with end of fixed term given (section 186)"
"viewTheClaim.json","labels.walesSecureLandlordNoticeSection199Reason","Notice given under a landlord's break clause (section 199)"
"viewTheClaim.json","labels.walesSecureOtherBreachOfContractReason","Other breach of contract (section 157)"
"viewTheResponse.json","caption","The response"
"viewTheResponse.json","propertyAddressLabel","Property address:"
"viewTheResponse.json","summary.dateIssued","Date issued"
"viewTheResponse.json","summary.dateSubmitted","Date submitted"
"viewTheResponse.json","sections.claimantDetails","Claimant details"
"viewTheResponse.json","sections.defendant1Details","Defendant 1 details"
"viewTheResponse.json","sections.additionalDefendantDetails","Additional defendant {{number}} details"
"viewTheResponse.json","sections.responseToClaim","Response to the claimant’s claim"
"viewTheResponse.json","sections.additionalInformation","Additional information"
"viewTheResponse.json","claimantDetails.organisation","Claimant organisation"
"viewTheResponse.json","claimantDetails.name","Name"
"viewTheResponse.json","claimantDetails.address","Address for service"
"viewTheResponse.json","defendant.name","Name"
"viewTheResponse.json","defendant.phone","Phone number"
"viewTheResponse.json","defendant.address","Postal address"
"viewTheResponse.json","defendant.contactPreferences","Contact preferences"
"viewTheResponse.json","contactPreference.text","Text message"
"viewTheResponse.json","contactPreference.phone","Phone"
"viewTheResponse.json","contactPreference.post","Post"
"viewTheResponse.json","responseToClaim.disputeClaim","Do you dispute any other parts of the claim?"
"viewTheResponse.json","responseToClaim.disputeDetails","Explain which parts of the claim you dispute"
"viewTheResponse.json","responseToClaim.claimGrounds","Claim grounds"
"viewTheResponse.json","responseToClaim.exemptLandlord","Is your landlord an exempt landlord under Part 1 of the Housing (Wales) Act 2014?"
"viewTheResponse.json","responseToClaim.tenancyTypeConfirmation","Is the tenancy, occupation contract or licence agreement type given by the claimant correct?"
"viewTheResponse.json","responseToClaim.tenancyType","Corrected tenancy, occupation contract or licence agreement type"
"viewTheResponse.json","responseToClaim.tenancyStartDateConfirmation","Is the tenancy, occupation contract or licence agreement start date given by the claimant correct?"
"viewTheResponse.json","responseToClaim.tenancyStartDate","Corrected tenancy, occupation contract or licence agreement start date"
"viewTheResponse.json","responseToClaim.possessionNoticeReceived","Did the claimant give you notice of their intention to begin possession proceedings?"
"viewTheResponse.json","responseToClaim.noticeReceivedDate","When did you receive notice from the claimant?"
"viewTheResponse.json","responseToClaim.rentArrearsAmountConfirmation","Is the amount of rent arrears given by the claimant correct?"
"viewTheResponse.json","responseToClaim.rentArrearsAmount","Admitted amount owed in rent arrears"
"viewTheResponse.json","payments.paymentDetails","Details of payments made"
"viewTheResponse.json","payments.repaymentAgreedDetails","Details of repayment agreement"
"viewTheResponse.json","household.dependantChildrenDetails","Details of dependent children"
"viewTheResponse.json","household.otherDependantDetails","Details of other dependants"
"viewTheResponse.json","household.otherTenantsDetails","Details of other adults living in your home?"
"viewTheResponse.json","household.alternativeAccommodationDate","When would you be able to move in?"
"viewTheResponse.json","household.additionalDetails","Details about your circumstances"
"viewTheResponse.json","household.exceptionalHardshipDetails","Details about the exceptional hardship you’d experience"
"viewTheResponse.json","income.receivedEvery","Received every"
"viewTheResponse.json","debts.paidEvery","Paid every"
"viewTheResponse.json","expenses.paidEvery","Paid every"
"viewTheResponse.json","additional.otherConsiderationsDetails","Details of what else you want to tell the court"
"viewTheResponse.json","counterclaim.againstName","What is the name of the person or organisation you are making the counterclaim against?"
"viewTheResponse.json","counterclaim.againstAddress","What's their postal address?"
"viewTheResponse.json","counterclaim.hwfReference","Help with Fees reference number"
"viewTheResponse.json","incomeFrequencies.WEEKLY","received every week"
"viewTheResponse.json","incomeFrequencies.MONTHLY","received every month"
"viewTheResponse.json","paymentFrequencies.WEEKLY","paid every week"
"viewTheResponse.json","paymentFrequencies.MONTHLY","paid every month"
"viewTheResponse.json","statementOfTruth.body","I believe the facts stated in this defence form are true. I understand that proceedings for contempt of court may be brought against anyone who makes, or causes to be made, a false statement in a document verified by a statement of truth without an honest belief in the truth."
"viewTheResponse.json","pdf.heading","Download a PDF copy of the response"
"viewTheResponse.json","pdf.linkText","Response (PDF)"
"viewTheResponse.json","accordion.summary","If you cannot find a document that you are looking for in this section"
"viewTheResponse.json","accordion.body","All documents uploaded by you or the claimant are on the"
"viewTheResponse.json","accordion.linkText","Documents page"
"viewTheResponse.json","personsUnknown","Persons unknown"
"viewTheResponse.json","addressUnknown","Address unknown"
